title,city,country,company,career_level,work_type,posted_at,expire_at,description,requirements,keywords,jop_url,redirect_url
Oracle Developer,Giza,Egypt,Kasrawy Group,Experienced,Full Time,2025-12-20 12:25:15,2026-02-18 12:25:15,"Design, develop, and maintain Oracle database applications to support business operations and proces...","Bachelor’s degree in Computer Science, Information Technology, or a related field. 1-7 years of hand...","Oracle PL/SQL, SQL, Database Design, Data Integration, Performance Tuning, Troubleshooting, ETL Processes, Software Development Lifecycle, Problem Solving, Technical Documentation",https://wuzzuf.net/jobs/p/u9qw78j3ztfg-oracle-developer-kasrawy-group-giza-egypt,
Logistic Supervisor,Monufya,Egypt,UNITED METALS COMPANY ,Experienced,Full Time,2025-12-20 12:02:44,2026-02-18 12:02:44,Handling shipping lines for outbound and inbound shipments. Coordinating with customs authorities fo...,"Minimum of 7 years of experience in logistics, supply chain management, or a related field. Proven e...","Logistics Management, Supply Chain Optimization, ERP/Logistics Software Proficiency, Purchasing, Foreign Purchasing, International Purchasing, Logistics Operations, Logistics, Logistic, Procurement, Foreign Procurement, Procurement Management, Purchasing Management",https://wuzzuf.net/jobs/p/2ydjhp7nidfm-logistic-supervisor-united-metals-company-monufya-egypt,
Inside Sales Representatives - Furniture,Cairo,Egypt,,Experienced,Full Time,2025-12-20 11:59:49,2026-02-18 11:59:49,track sales targets for your team Suggest and implement improvements in the sales administration pro...,Proven work experience as an Inside sales manager Hands-on experience with CRM software and MS Excel...,"Sales, Sales Target, Inside Sales, Furniture Sales, Furniture Design, Outdoor Sales, Indoor Sales, Sales Plan, Sales Planning, Sales Plans, Property Sales, Furniture Sales Target, Sales Indoor",https://wuzzuf.net/jobs/p/mzrxlnkp8sas-inside-sales-representatives-furniture-cairo-egypt,
HR Assistant,Cairo,Egypt,The Future for Business administration,Experienced,Full Time,2025-12-20 11:35:33,2026-02-18 11:35:33,"Key Responsibilities: Administrative Support: Scheduling, managing calendars, answering calls/emails...",Essential Skills & Qualifications: Strong organizational skills and attention to detail. Excellent w...,"Human Resources Administration, Recruitment and Onboarding, Employee Records Management, Communication, Attention to Detail, HRIS (Human Resources Information Systems), Recruitment, Phone Screening, Interviewing, Sourcing, Talent acquisition, Talent management, Talent Development, Talent assessment, HR Systems, HR Policies, HR Admin, HR Specialist, HRMS, HRMIS, HRM, HRIS, HR Strategy, Administration, Recruiter, Headhunting, Niche Recruiter, Mass Hiring, Hiring, White Collar",https://wuzzuf.net/jobs/p/oyotkwonkbfk-hr-assistant-the-future-for-business-administration-cairo-egypt,
Quantity Surveying Engineer,Cairo,Egypt,ADCONS,Experienced,Full Time,2025-12-20 11:15:06,2026-02-18 11:15:06,"Prepare detailed cost estimates, budgets, and bills of quantities for construction projects. Monitor...","Bachelor’s degree in Civil Engineering, Quantity Surveying, or a related field. 2 to 5 years of prov...","Quantity surveying, Cost estimation, Budget management, Contract administration, Analytical thinking, Negotiation, Project management, Construction documentation, Communication, Attention to detail",https://wuzzuf.net/jobs/p/pgn5tlbmhibz-quantity-surveying-engineer-adcons-cairo-egypt,
Planning Engineer,Cairo,Egypt,ADCONS,Experienced,Full Time,2025-12-20 11:13:23,2026-02-18 11:13:23,Develop and maintain detailed project schedules using industry-standard planning tools. Coordinate w...,"Bachelor’s degree in Civil Engineering, Construction Management, or a related field. 2-5 years of ex...","Project Scheduling, Primavera P6, MS Project, Critical Path Method (CPM), Construction Planning, Risk Analysis, Resource Allocation, Analytical Thinking, Communication, Problem Solving",https://wuzzuf.net/jobs/p/ohxcgwcjanvs-planning-engineer-adcons-cairo-egypt,
Cost Engineer,Cairo,Egypt,ADCONS,Experienced,Full Time,2025-12-20 11:08:57,2026-02-18 11:08:57,"Prepare, monitor, and update project cost estimates, budgets, and forecasts throughout all project p...","Bachelor’s degree in Engineering, Construction Management, Quantity Surveying, or a related field. 2...","Cost estimation, Budgeting and forecasting, Cost control, Project management, Analytical thinking, Attention to detail, Communication, Microsoft Excel, Risk analysis, Construction software proficiency",https://wuzzuf.net/jobs/p/csmfekpqeyxp-cost-engineer-adcons-cairo-egypt,
Mechanical Site Engineer,Cairo,Egypt,ADCONS,Experienced,Full Time,2025-12-20 10:59:10,2026-02-18 10:59:10,"Supervise and oversee all mechanical works on-site to ensure compliance with project specifications,...",Bachelor’s degree in Mechanical Engineering or a related field. 2 to 5 years of proven experience in...,"Mechanical Engineering, Site Supervision, HVAC Systems, Plumbing Systems, Fire Fighting Systems, Technical Drawing Interpretation, Project Coordination, Problem Solving, Health and Safety Compliance, Communication",https://wuzzuf.net/jobs/p/09bwwbrrx7tq-mechanical-site-engineer-adcons-cairo-egypt,
Civil Site Engineer,Cairo,Egypt,ADCONS,Experienced,Full Time,2025-12-20 10:57:16,2026-02-18 10:57:16,Supervise and oversee daily site operations to ensure construction activities are executed according...,Bachelor’s degree in Civil Engineering or a related field. 2 to 5 years of proven experience in civi...,"Site supervision, Construction management, Technical drawing interpretation, Project coordination, Quality assurance, Health and safety compliance, Problem-solving, Time management, Communication, Teamwork",https://wuzzuf.net/jobs/p/r0dyhxdux2ok-civil-site-engineer-adcons-cairo-egypt,
Electrical Site Engineer,Cairo,Egypt,ADCONS,Experienced,Full Time,2025-12-20 10:55:40,2026-02-18 10:55:40,Supervise and coordinate all on-site electrical activities to ensure project milestones and quality ...,Bachelor’s degree in Electrical Engineering or a related field. 2 to 5 years of proven experience in...,"Electrical system design, Site supervision, Project coordination, Technical drawing interpretation, Problem-solving, Quality assurance, Health and safety compliance, Communication, Time management, AutoCAD proficiency",https://wuzzuf.net/jobs/p/wyxzrcsplid4-electrical-site-engineer-adcons-cairo-egypt,
Mechanical Technical Office Engineer,Cairo,Egypt,ADCONS,Experienced,Full Time,2025-12-20 10:52:04,2026-02-18 10:52:04,"Prepare and review mechanical shop drawings, material submittals, and technical documentation in acc...",Bachelor’s degree in Mechanical Engineering or a related field. 2 to 5 years of proven experience in...,"Mechanical Engineering, Technical Office Operations, AutoCAD, Revit, Mechanical Design, Construction Drawings, Project Coordination, Material Submittals, Cost Estimation, Problem Solving",https://wuzzuf.net/jobs/p/ymhkzdawt05z-mechanical-technical-office-engineer-adcons-cairo-egypt,
Technical Office Engineer,Cairo,Egypt,ADCONS,Experienced,Full Time,2025-12-20 10:48:11,2026-02-18 10:48:11,"Prepare, review, and coordinate technical drawings, shop drawings, and as-built drawings in accordan...","Bachelor’s degree in Civil Engineering, Architectural Engineering, or a related field. 2 to 5 years ...","Technical Drawing, AutoCAD, Revit, Quantity Surveying, Project Coordination, Construction Documentation, Analytical Thinking, Problem Solving, Communication, Time Management",https://wuzzuf.net/jobs/p/vvmkqpzqd7ed-technical-office-engineer-adcons-cairo-egypt,
Technical Office Architect,Cairo,Egypt,ADCONS,Experienced,Full Time,2025-12-20 10:43:28,2026-02-18 10:43:28,"Prepare, review, and coordinate architectural shop drawings and detailed construction documents in a...",Bachelor’s degree in Architecture or a related field. 2 to 5 years of proven experience as a Technic...,"Architectural Design, AutoCAD, Revit, Technical Documentation, Construction Drawings, Project Coordination, Problem Solving, Building Codes Compliance, Team Collaboration, Time Management",https://wuzzuf.net/jobs/p/ehydgtsb1nfn-technical-office-architect-adcons-cairo-egypt,
Technical Office Electrical Engineer,Cairo,Egypt,ADCONS,Experienced,Full Time,2025-12-20 10:35:58,2026-02-18 10:35:58,"Prepare and review electrical shop drawings, material submittals, and technical documents in accorda...",Bachelor’s degree in Electrical Engineering or a related field. 2 to 5 years of proven experience in...,"Electrical Design, Technical Documentation, AutoCAD, Revit, Project Coordination, Problem Solving, Technical Analysis, Communication, Attention to Detail, Construction Standards",https://wuzzuf.net/jobs/p/9c2filnjjubk-technical-office-electrical-engineer-adcons-cairo-egypt,
Central Buyer – Supermarket,Cairo,Egypt,Lulu International Group,Experienced,Full Time,2025-12-20 09:55:11,2026-02-18 09:55:11,"The Central Buyer is responsible for planning, sourcing, and managing the procurement of merchandise...","Bachelor’s degree in business administration, Supply Chain Management, Logistics, or a related field...","Procurement, Retail, Supply Chain, Planning, Sourcing",https://wuzzuf.net/jobs/p/gptghkdmwgjm-central-buyer-supermarket-lulu-international-group-cairo-egypt,
Marketing & Growth Associate,Muscat,Oman,KhayrEats,Entry Level,"Full Time, Part Time",2025-12-20 08:53:27,2026-02-18 08:53:27,We are looking for an entry-level Marketing & Growth Associate to support day-to-day marketing execu...,"Bachelor’s degree in Marketing, Business, Communications, or a related field. Familiar with Instagra...","Digital Marketing, Social Media, Marketing Campaigns",https://wuzzuf.net/jobs/p/kkszcxyxfspl-marketing-growth-associate-khayreats-muscat-oman,
Science Teacher,Cairo,Egypt,Helioplis International school ,Experienced,Full Time,2025-12-20 08:23:30,2026-02-18 08:23:30,Develop and deliver engaging science lessons in accordance with the school’s curriculum and educatio...,"Bachelor’s degree in Science, Education, or a related field. 1-3 years of experience teaching scienc...","Science Instruction, Classroom Management, Lesson Planning",https://wuzzuf.net/jobs/p/oq0otdjpotv5-science-teacher-helioplis-international-school-cairo-egypt,
Real Estate Virtual Caller (Remote – International),Irvine,United States,SAH,Entry Level,Full Time,2025-12-20 03:52:47,2026-02-18 03:52:47,Job Description We are a growing U.S. real estate company seeking motivated Virtual Callers to make ...,"Skills & Experience: Fluent spoken English with clear accent Confident, friendly phone presence Abil...","Sales, Telesales, Real Estate Sales, CRM Software, Google docs, Dialer",https://wuzzuf.net/jobs/p/s0maqhmbnbwb-real-estate-virtual-caller-remote-international-sah-irvine-united-states,
HR Specialist,Cairo,Egypt,ثراء,Experienced,Full Time,2025-12-20 01:29:42,2026-02-18 01:29:42,"HR Opportunity at Tharaa – Among People Who Truly Love What They Do At Tharaa, we’re growing our tea...",Requirements: Minimum 3 years of HR experience (preferably with startups or in E-Commerce). Strong b...,"Human Resources Management, Recruitment and Talent Acquisition, Employee Relations, Problem-Solving, Organizational Skills, Labor Law Compliance, HRIS Administration, Communication, Onboarding and Offboarding, Performance Management",https://wuzzuf.net/jobs/p/stg5dfotcl98-hr-specialist-thraaa-cairo-egypt,
Architect – Industrial Projects (Technical Office),Alexandria,Egypt,Alestesmaria Holding Company,Experienced,Full Time,2025-12-20 00:55:14,2026-02-18 00:55:14,We are seeking a talented Architect to join our technical office team and support industrial constru...,"Job Requirements: Bachelor’s degree in Architecture. 2–4 years of experience in architectural work, ...","Technical Drawing, Architectural Design, AutoCAD, Construction Documentation",https://wuzzuf.net/jobs/p/vs9zwdsqqfq5-architect-industrial-projects-technical-office-alestesmaria-holding-company-alexandria-egypt,
Civil Engineer – Industrial Construction,Alexandria,Egypt,Alestesmaria Holding Company,Experienced,Full Time,2025-12-20 00:55:12,2026-02-18 00:55:12,We are seeking a skilled Civil Engineer to support and supervise industrial construction projects at...,Job Requirements: Bachelor’s degree in Civil Engineering. 2–4 years of experience in industrial cons...,"Project Management, Industrial Construction, AutoCAD, Construction Site Supervision, Technical Drawing Interpretation, Problem Solving",https://wuzzuf.net/jobs/p/vrzjv8sugqrr-civil-engineer-industrial-construction-alestesmaria-holding-company-alexandria-egypt,
Senior Digital Marketing,Cairo,Egypt,Alestesmaria Holding Company,Experienced,Full Time,2025-12-20 00:55:09,2026-02-18 00:55:09,"The Senior Digital Marketing Specialist is responsible for developing, executing, and optimizing dig...","Education & Experience Bachelor’s degree in Marketing, Business, Communications, or related field. 4...","SEO/SEM, Digital Marketing Strategy, Social Media Advertising, Campaign Management, Budget Management, Communication, Content Creation, Google Analytics, Data Analysis",https://wuzzuf.net/jobs/p/yrq3lff9xhdp-senior-digital-marketing-alestesmaria-holding-company-cairo-egypt,
Project Manager – Senior Industrial Construction,Alexandria,Egypt,Alestesmaria Holding Company,Senior Management,Full Time,2025-12-20 00:55:06,2026-02-18 00:55:06,"This is a full-time, on-site role at the factory in Alexandria. The Construction Project Manager wil...","Job Requirements Minimum 15 years of experience in construction project management, especially indus...","Industrial construction, Project management, Team leadership, Budgeting and cost control, Risk management, Stakeholder communication, Scheduling and planning, Contract negotiation, Problem-solving, Quality assurance",https://wuzzuf.net/jobs/p/xqq3jzyzzkqi-project-manager-senior-industrial-construction-alestesmaria-holding-company-alexandria-egypt,
Media Trainee,Dubai,United Arab Emirates,Parfums Christian Dior,Entry Level,Full Time,2025-12-20 00:50:11,2026-01-19 00:50:11,"PositionDo you wish to join the House of Dreams?In this House, you will continue to perpetuate the d...",,"marketing, social media, digital marketing, e-marketing, media, english, sem, advertising, communication skills, communication, design, coordination",https://wuzzuf.net/jobs/p/g/7yjqk2uvp9wj-media-trainee-parfums-christian-dior-dubai-united-arab-emirates,https://www.dior.com/carrieres/details.html?jobId=1045547&sType=LinkedIn
Supervisor-Senior Kitchen,Dubai,United Arab Emirates,Marriott International,Manager,Full Time,2025-12-20 00:46:47,2026-01-19 00:46:47,Additional InformationJob Number 25201236Job Category Food and Beverage & CulinaryLocation JW Marrio...,,"Sales, Customer Service, Sales Skills, Engineering, Sales Target, Logistics, Microsoft Office, Customer Care, English, Accounting, Communication Skills, Customer Support, Arabic, Communication, Computer Science, Finance, ISO, Information Technology (IT), Operations, Sales Management",https://wuzzuf.net/jobs/p/g/c4jl7yakymxy-supervisor-senior-kitchen-marriott-international-dubai-united-arab-emirates,https://careers.marriott.com/de/assistant-sous-chef/job/A35B8C181B1BFD1C5B21D33125167AE5?utm_medium=jobboard&utm_source=LinkedInEMEA
SDK Developer,Dubai,United Arab Emirates,Expert Hub Robotics,Entry Level,Full Time,2025-12-20 00:45:14,2026-01-19 00:45:14,Job DescriptionWe are looking for a skilled SDK Developer to build and maintain a unified software l...,,"Computer Science, Information Technology (IT), Software Development, Android, Android SDK, Software Engineering, Mobile Development, JSON, Java, Engineering, SDK, APIs, REST, Computer Engineering, iOS, Git, RESTful, RESTful APIs, Kotlin, Software",https://wuzzuf.net/jobs/p/g/ivnp8dhynlbz-sdk-developer-expert-hub-robotics-dubai-united-arab-emirates,https://experthubrobotics.zohorecruit.com/jobs/Careers/373181000021219005/SDK-Developer?source=CareerSite
Director of Sales - The St. Regis Downtown Dubai,Dubai,United Arab Emirates,Marriott International,Manager,Full Time,2025-12-20 00:42:40,2026-01-19 00:42:40,Additional InformationJob Number 25201233Job Category Sales & MarketingLocation The St. Regis Downto...,,"Sales, Sales Skills, Sales Target, Management, Marketing, Real Estate, Communication Skills, Business Development, Sales Management, Leadership, Microsoft Office, Operations, Retail, Business Administration, Computer Skills, Customer Service, Engineering, English, FMCG, MBA",https://wuzzuf.net/jobs/p/g/rethsggqrvcd-director-of-sales-the-st-regis-downtown-dubai-marriott-international-dubai-united-arab-emirates,https://careers.marriott.com/director-of-sales-the-st-regis-downtown-dubai/job/2370E51139A2D61FF6E8DB0FE052E9FD?utm_medium=jobboard&utm_source=LinkedInEMEA
Kitchen Technician,Dubai,United Arab Emirates,Marriott International,Entry Level,Full Time,2025-12-20 00:41:52,2026-01-19 00:41:52,Additional InformationJob Number 25201242Job Category Engineering & FacilitiesLocation JW Marriott M...,,"engineering, applied arts, furniture, kitchen, maintenance, art, communication, electrical, hotels, mechanical",https://wuzzuf.net/jobs/p/g/t7ly5mfzph2r-kitchen-technician-marriott-international-dubai-united-arab-emirates,https://careers.marriott.com/kitchen-technician/job/202DD998552708752669689415878A76?utm_medium=jobboard&utm_source=LinkedInEMEA
F&B Service Expert,Dubai,United Arab Emirates,Marriott International,Entry Level,Full Time,2025-12-20 00:40:06,2026-01-19 00:40:06,Additional InformationJob Number 25201199Job Category Food and Beverage & CulinaryLocation La Ville ...,,"F&amp;B, Sales, Sales Skills, Information Technology (IT), Customer Service, Microsoft Office, Food &amp; Beverage, Sales Target, Computer Science, Engineering, Food, Customer Support, Hospitality, Management, Customer Care, Finance, Hotels, FMCG, Accounting, F&B",https://wuzzuf.net/jobs/p/g/msfecjfcjwc0-fb-service-expert-marriott-international-dubai-united-arab-emirates,https://careers.marriott.com/es/restaurant-reservation-agent/job/096B4B6DD132DC24351895D2B5813585?utm_medium=jobboard&utm_source=LinkedInEMEA
Plumber,Dubai,United Arab Emirates,Marriott International,Entry Level,Full Time,2025-12-20 00:39:48,2026-01-19 00:39:48,Additional InformationJob Number 25201244Job Category Engineering & FacilitiesLocation JW Marriott M...,,"engineering, autocad, architecture, adobe photoshop, maintenance, business, hotels, leadership, repair, training",https://wuzzuf.net/jobs/p/g/fyyqzyksu7dp-plumber-marriott-international-dubai-united-arab-emirates,https://careers.marriott.com/plumber/job/72C584E0240BED19E1960ACBD1CDE1F9?utm_medium=jobboard&utm_source=LinkedInEMEA
Restaurant General Manager - ULA Beach RAK,Ras al-Khaimah,United Arab Emirates,Mövenpick Hotels & Resorts,Experienced,Full Time,2025-12-20 00:39:03,2026-01-19 00:39:03,"Company DescriptionGet ready to discover Mövenpick Resort Al Marjan Island, a 5 star resort in Ras A...",,"Management, Operations, Hospitality, Administration, Sales, Microsoft Office, GM, Restaurant, Hotels, Sales Skills, Business Administration, Customer Service, General Management, Business Development, Computer Skills, Marketing, Communication Skills, Office Management, Customer Care, Engineering",https://wuzzuf.net/jobs/p/g/4wt5ic9vtlkn-restaurant-general-manager-ula-beach-rak-movenpick-hotels-resorts-ras-al-khaimah-united-arab-emirates,https://careers.accor.com/global/en/job/restaurant-general-manager-ula-beach-rak-in-movenpick-resort-al-marjan-island-ras-al-khaimah-u-jid-78821
Senior Architect,Dubai,United Arab Emirates,AECOM,Experienced,Full Time,2025-12-20 00:38:21,2026-01-19 00:38:21,"Company Description Work with Us. Change the World. At AECOM, we're delivering a better world. Wheth...",,"Architecture, Engineering, AutoCAD, Design, Adobe Photoshop, Revit, Information Technology (IT), Computer Science, Architecture Engineering, Microsoft Office, Shop Drawings, Civil Engineering, Project Management, Construction, AutoCAD 2D, Site, Software Development, Architect, Building Code, Interior Design",https://wuzzuf.net/jobs/p/g/t9gaprgmyfv8-senior-architect-aecom-dubai-united-arab-emirates,https://rr.jobsyn.org/5CFAC28904C747299E7C1E0375A252E71606?trid=2d92f286-613b-4daf-9dfa-6340ffbecf73
"Manager, Financial Crime Compliance & Deputy, MLRO - MENA",Dubai,United Arab Emirates,Checkout.com,Experienced,Full Time,2025-12-20 00:37:36,2026-01-19 00:37:36,"Company DescriptionWe’re Checkout.com – you might not know our name, but companies like eBay, ASOS, ...",,"finance, accounting, financial analysis, operations, management, aml, communication skills",https://wuzzuf.net/jobs/p/g/9wyx7cd956au-manager-financial-crime-compliance-deputy-mlro-mena-checkout-com-dubai-united-arab-emirates,https://checkout.wd3.myworkdayjobs.com/CheckoutCareers/job/Dubai/Manager--Financial-Crime-Compliance---Deputy--MLRO---MENA_R8424?source=LinkedIn
CAD Technician -Digital Delivery,Dubai,United Arab Emirates,AECOM,Entry Level,Full Time,2025-12-20 00:36:56,2026-01-19 00:36:56,"Company Description Work with Us. Change the World. At AECOM, we're delivering a better world. Wheth...",,"information technology (it), engineering, computer science, design, management, autocad, it, software, cad, network, project, quality",https://wuzzuf.net/jobs/p/g/npk1dfzplz0n-cad-technician-digital-delivery-aecom-dubai-united-arab-emirates,https://rr.jobsyn.org/BCFD7287EAA0445EB52155E738D36E9B1606?trid=2d92f286-613b-4daf-9dfa-6340ffbecf73
"Market Access Manager, RDU, Gulf",Dubai,United Arab Emirates,AstraZeneca,Experienced,Full Time,2025-12-20 00:36:14,2026-01-19 00:36:14,"JOB TITLE Market Access Manager RDU – Gulf About AstrazenecaAstraZeneca is a global, science-led, pa...",,"sales, marketing, sales skills, social media, media, communication skills, administration, pharmacy, business administration, communication, medical, analysis",https://wuzzuf.net/jobs/p/g/eovoapjgzkhi-market-access-manager-rdu-gulf-astrazeneca-dubai-united-arab-emirates,https://careers.astrazeneca.com/job/-/-/7684/89653410800?source=LinkedIn
Sales Manager - ME,Dubai,United Arab Emirates,Eddyfi Technologies,Entry Level,Full Time,2025-12-20 00:35:53,2026-01-19 00:35:53,"This role is part of our ET/UT product line.As Sales Manager – ME, you will be responsible for devel...",,"Sales, Sales Skills, Sales Target, Customer Service, Management, Customer Support, Customer Care, Marketing, Business Development, Microsoft Office, Account Management, Communication Skills, Sales Management, English, Business Administration, Retail, Information Technology (IT), Operations, Indoor Sales, Engineering",https://wuzzuf.net/jobs/p/g/7gyzelsiikks-sales-manager-me-eddyfi-technologies-dubai-united-arab-emirates,https://jobs.dayforcehcm.com/en-US/eddyfi/CANDIDATEPORTAL/jobs/13064
Strategic Account Executive - Dubai (Remote),Dubai,United Arab Emirates,Unframe AI,Experienced,Full Time,2025-12-20 00:35:20,2026-01-19 00:35:20,Remote potential locations: DubaiAbout UnframeUnframe is on a mission to help the world’s largest en...,,"Sales, Customer Service, Sales Skills, Customer Care, Customer Support, Sales Target, Marketing, Advertising, Business Development, Account Management, Microsoft Office, Indoor Sales, Media, E-marketing, Outdoor Sales, Business Administration, Social Media, Market Research, English, Digital Marketing",https://wuzzuf.net/jobs/p/g/rlpmat5fve44-strategic-account-executive-dubai-remote-unframe-ai-dubai-united-arab-emirates,https://grnh.se/4x1m6el2teu
Medical Provider Performance - Assistant Manager,Dubai,United Arab Emirates,Nextcare,Experienced,Full Time,2025-12-20 00:35:02,2026-01-19 00:35:02,This role involves conducting impartial and timely investigations into healthcare fraud and abuse ag...,,"sales, information technology (it), computer science, customer service, medical, management, finance, operations, healthcare, communication, analysis, planning",https://wuzzuf.net/jobs/p/g/8lukdlu9yz2j-medical-provider-performance-assistant-manager-nextcare-dubai-united-arab-emirates,https://careers.allianz.com/global/en/job/87674/Medical-Provider-Performance---Assistant-Manager?utm_campaign=azgroup&utm_source=social&utm_medium=linkedinlimitedlistings
Inspector - Material (Roads),Dubai,United Arab Emirates,AECOM,Entry Level,Freelance / Project,2025-12-20 00:34:26,2026-01-19 00:34:26,"Company Description Work with Us. Change the World. At AECOM, we're delivering a better world. Wheth...",,"Quality Control, Quality, Chrome Inspector, Firebug, Information Technology (IT), javaScript, CSS, HTML, XML, jQuery, CSS3, HTML5, Web Development, Computer Science, JSON, QC, Quality Assurance, E-Commerce, Engineering, CMS",https://wuzzuf.net/jobs/p/g/kgogty1ms1xa-inspector-material-roads-aecom-dubai-united-arab-emirates,https://rr.jobsyn.org/026072B3DAFD4F3C801E3F35EE0D137F1606?trid=2d92f286-613b-4daf-9dfa-6340ffbecf73
Chief Financial Officer MedNet,Dubai,United Arab Emirates,Munich Re,Manager,Full Time,2025-12-20 00:33:19,2026-01-19 00:33:19,"With a market capitalization of €71 billion, Munich Re Group (XFRA: MUV2) is among the world’s leadi...",,"Finance, Accounting, Financial Management, Financial Analysis, MBA, CPA, CFO, Management, Microsoft Office, Financial, Computer Skills, Business, CFA, CMA, Commerce, Budgeting, English, Microsoft Excel, Real Estate, Business Administration",https://wuzzuf.net/jobs/p/g/ox3tcirkrkte-chief-financial-officer-mednet-munich-re-dubai-united-arab-emirates,https://careers.munichre.com/en/job/dubai/chief-financial-officer-mednet/3342/32610249728
Associate Director- Electrical,Dubai,United Arab Emirates,AECOM,Manager,Full Time,2025-12-20 00:33:01,2026-01-19 00:33:01,"Company Description Work with Us. Change the World. At AECOM, we're delivering a better world. Wheth...",,"Engineering, Management, Quality Control, Project Management, Architecture, CPD, Civil Engineering, Construction, Construction Program, Construction Site, Drawings, MBA, Mechanical Engineering, Pharmacy, Quality, Sales, AADs, AVRs, Advertising, Arabic",https://wuzzuf.net/jobs/p/g/bcwbwntubpwm-associate-director-electrical-aecom-dubai-united-arab-emirates,https://rr.jobsyn.org/1E16DECB5AA74EACB0B338F552154F221606?trid=2d92f286-613b-4daf-9dfa-6340ffbecf73
Inspector - Civil,Dubai,United Arab Emirates,AECOM,Experienced,Full Time,2025-12-20 00:24:48,2026-01-19 00:24:48,"Company Description Work with Us. Change the World. At AECOM, we're delivering a better world. Wheth...",,"Quality Control, Quality, Chrome Inspector, Firebug, Information Technology (IT), javaScript, CSS, HTML, XML, jQuery, CSS3, HTML5, Web Development, Computer Science, JSON, QC, Quality Assurance, E-Commerce, Engineering, CMS",https://wuzzuf.net/jobs/p/g/oohh9cybz2ca-inspector-civil-aecom-dubai-united-arab-emirates,https://rr.jobsyn.org/0615BB5F8587479489A72C691B6EA1931606?trid=2d92f286-613b-4daf-9dfa-6340ffbecf73
Operations Manager,Dubai,United Arab Emirates,Amentum,Experienced,Full Time,2025-12-20 00:23:24,2026-01-19 00:23:24,"Amentum is a global leader in advanced engineering and innovative technology solutions, trusted by t...",,"Operations, Management, Sales, Microsoft Office, Customer Service, Administration, Sales Skills, Customer Care, Office Management, Customer Support, Project Management, Engineering, Logistics, Communication Skills, Sales Target, Computer Skills, Business Development, Supply Chain, English, Business Administration",https://wuzzuf.net/jobs/p/g/bquspqkn7gu3-operations-manager-amentum-dubai-united-arab-emirates,https://www.amentumcareers.com/jobs/operations-manager-dubai-united-arab-emirates?source=generic&utm_source=generic
Events Coordinator,Dubai,United Arab Emirates,Independent Food Company,Entry Level,Full Time,2025-12-20 00:22:51,2026-01-19 00:22:51,"Driven to create unique home-grown food concepts that bring people together, the Independent Food Co...",,"Marketing, Microsoft Office, Events, Public Relations (PR), Event Coordination, E-marketing, Social Media, Administration, Events Management, Event Coordinator, Advertising, Catering, English, Media, Office Management, Sales, Adobe Photoshop, Event Planning, Events Coordination, Events Planning",https://wuzzuf.net/jobs/p/g/5tpsundwityr-events-coordinator-independent-food-company-dubai-united-arab-emirates,https://independent-food-company.breezy.hr/p/1ce2f048bf91-events-coordinator?source=linkedin
Assistant Night Manager,Dubai,United Arab Emirates,Marriott International,Experienced,Full Time,2025-12-20 00:15:25,2026-01-19 00:15:25,Additional InformationJob Number 25201191Job Category Rooms & Guest Services OperationsLocation La V...,,"Administration, Microsoft Office, Office Management, Secretary, Sales, Admin, Customer Service, Marketing, Sales Skills, Management, English, Customer Support, Engineering, Retail, Customer Care, Communication Skills, Operations, Computer Skills, Admin Assistant, Branding",https://wuzzuf.net/jobs/p/g/hsfjfu8moxpl-assistant-night-manager-marriott-international-dubai-united-arab-emirates,https://careers.marriott.com/it/assistant-night-manager/job/9D6F802E1913CA619159C049F092DC68?utm_medium=jobboard&utm_source=LinkedInEMEA
Media QA Coordinator,Dubai,United Arab Emirates,Anuvu,Entry Level,Full Time,2025-12-20 00:13:48,2026-01-19 00:13:48,"ANUVUQA CoordinatorRole SummaryThe QA Coordinator acts as a conduit and quality control for audio, v...",,"Marketing, Social Media, Media, E-marketing, Digital Marketing, SEO, Adobe Photoshop, Communication, Customer Service, English, Online Marketing, Writing, Administration, Adobe Illustrator, Communication Skills, Customer Care, Customer Support, Graphic Design, Journalism, Microsoft Office",https://wuzzuf.net/jobs/p/g/nhflw4kibx4b-media-qa-coordinator-anuvu-dubai-united-arab-emirates,https://phg.tbe.taleo.net/phg02/ats/careers/v2/viewRequisition?org=GEE&cws=38&rid=4065
Assistant Guest Relations Manager,Dubai,United Arab Emirates,Marriott International,Experienced,Full Time,2025-12-20 00:13:03,2026-01-19 00:13:03,Additional InformationJob Number 25201231Job Category Rooms & Guest Services OperationsLocation JW M...,,"microsoft office, administration, information technology (it), sales, accounting, management, business, hospitality, training, quality, hotels, property",https://wuzzuf.net/jobs/p/g/i9viqmqzjypj-assistant-guest-relations-manager-marriott-international-dubai-united-arab-emirates,https://careers.marriott.com/assistant-guest-relations-manager/job/A4A3906ECC4976421878E7C4CCDB49E6?utm_medium=jobboard&utm_source=LinkedInEMEA
Human Resources Specialist (Training & Recruitment),Sharqia,Egypt,Intertrade Co. ,Entry Level,Full Time,2025-12-20 00:12:20,2026-02-18 00:12:20,The Human Resources Specialist (Training & Recruitment) supports HR functions related to talent acqu...,"Bachelor’s degree in Human Resources, Business, law, or related field. 1–3 years of experience in re...","Recruitment, Training & Development, Onboarding, Interviewing, Employee Relations, HR Administration, Organizational Skills, Communication, MS Office Proficiency, HRIS Management, HR Policies, HR Specialist, Human Resources (HR)",https://wuzzuf.net/jobs/p/hwm775ajl9hv-human-resources-specialist-training-recruitment-intertrade-co-sharqia-egypt,
Guest Experience Supervisor,Dubai,United Arab Emirates,Marriott International,Entry Level,Full Time,2025-12-20 00:11:06,2026-01-19 00:11:06,Additional InformationJob Number 25201231Job Category Rooms & Guest Services OperationsLocation JW M...,,"microsoft office, customer service, sales, sales skills, hotels, business, hotel, se, os, services, international",https://wuzzuf.net/jobs/p/g/xeleoq9kgceh-guest-experience-supervisor-marriott-international-dubai-united-arab-emirates,https://careers.marriott.com/pt/assistant-guest-relations-manager/job/A4A3906ECC4976421878E7C4CCDB49E6?utm_medium=jobboard&utm_source=LinkedInEMEA
Production Chemist,Sharqia,Egypt,Intertrade Co. ,Experienced,Full Time,2025-12-20 00:07:32,2026-02-18 00:07:32,Responsibilities Guide operators on PVC Compounding Lines to ensure optimal production processes. Co...,"Bachelor's degree or higher in Chemistry, Polymer Chemistry, Materials Science, or a related field. ...","Chemistry, quality, Communication skills, Microsoft Excel, Science, Testing, Engineering, Manufacturing, Production, Quality Control, R&D, PVC, Plastic, LAB, chemist, materials, Polymer Chemistry, Polymer, Polymers, Materials Science, PVC compound, PP, PET, Industrial Engineering, Laboratory, ISO, Communication",https://wuzzuf.net/jobs/p/vjvvsmnjt2iy-production-chemist-intertrade-co-sharqia-egypt,
Mail&chat (B2 English speakers)e&UAE Graduates,Cairo,Egypt,Etisalat Egypt,Entry Level,Full Time,2025-12-19 21:23:34,2026-02-17 21:23:34,e& CX Solutions is hiring Excellent English up to fluent English speakers to be a customer service a...,e& CX Solutions is hiring Excellent English up to fluent English speakers to be a customer service a...,"Customer Service, Customer, Customer Care, Customer Support, Customer Relations, Customer Satisfaction, Customer Retention, Customer Service Management, Customer Experience, Customer Survey, Call Center, Technical Support, English, English Account, English Speakers, English Teaching, English Training, English Education, English Literature, English Instructing, Business English, English Translation, Translators, Translation, Backoffice, Mail, Chat, Web Chat, Chat Support, Non Voice, Mail&Chat, Fast Typing, Computer Science, IT Service Management, B2 English",https://wuzzuf.net/jobs/p/8xxog1rjnytn-mailchat-b2-english-speakerseuae-graduates-etisalat-egypt-cairo-egypt,
"Customer Service Representative (B1+ English Speakers)e&UAE,grads",Cairo,Egypt,Etisalat Egypt,Entry Level,Full Time,2025-12-19 21:11:57,2026-02-17 21:11:57,e& CX Solutions is hiring very good English up to Excellent English speakers to be a customer servic...,e& CX Solutions is hiring very good English up to Excellent English speakers to be a customer servic...,"Customer Service, Customer Support, Customer, Customer Care, Customer Relations, Customer Satisfaction, Customer Retention, Customer Service Management, Customer Experience, Customer Survey, Call Center, Technical Support, Customer Service Delivery, Customer Service Representative, Customer  Service Agent, Call Center Agent, Call Center Advisor, English Teaching, English, English Speakers, English Training, English Account, English Education, English Instructing, English Literature, Business English, English Translation, Translators, Translation, Computer Science, IT Service Management, Computer Skills, Mass Communication, Sales, English Communication",https://wuzzuf.net/jobs/p/8pr733u1wgt3-customer-service-representative-b1-english-speakerseuaegrads-etisalat-egypt-cairo-egypt,
Data Analyst + Instructor (Excel & Power BI),Cairo,Egypt,EpsilonAI,Entry Level,Full Time,2025-12-19 20:29:22,2026-02-17 20:29:22,1. Data Analyst Responsibilities (Epsilon AI Analytics) Analyze business datasets and extract meanin...,"Education Bachelor's degree in Computer Science, Computer Engineering, Statistics, Information Syste...","Data Analysis, Database SQL Server, MySQL, Data Analytics, Big Data Analytics, Microsoft Excel, Power BI, Microsoft Power BI, Tableau, Analytical Thinking, Data Visualization, SQL, Public Speaking, Instructional Design, Communication, Remote Collaboration, Cloud, Teaching, Technical Training, instructor",https://wuzzuf.net/jobs/p/diu2s2piv0kr-data-analyst-instructor-excel-power-bi-epsilonai-cairo-egypt,
Telesales & Customer Support/Service Specialist,Cairo,Egypt,EpsilonAI,Entry Level,Full Time,2025-12-19 20:28:27,2026-02-17 20:28:27,Handle incoming calls and customer inquiries with professionalism and care Conduct outbound calls to...,"Proven experience in telesales or sales , ideally within the education, training, or tech sector Tra...","Communication, Customer, Customer Care, Customer Service, Customer Support, Negotiation, Sales, Telesales, TO, Education, Software",https://wuzzuf.net/jobs/p/wnbhv4v4wjl3-telesales-customer-supportservice-specialist-epsilonai-cairo-egypt,
Front Office Administrator & Receptionist,Cairo,Egypt,EpsilonAI,Entry Level,Full Time,2025-12-19 20:22:02,2026-02-17 20:22:02,"Greet and welcome visitors with a friendly and professional demeanor. Answer, screen, and forward in...",High school diploma or equivalent required; additional certification in Office Management is a plus....,"Administration, Customer Service, Front Office, receptionist, Secretary, Office management, office",https://wuzzuf.net/jobs/p/fmw2vh55ltd5-front-office-administrator-receptionist-epsilonai-cairo-egypt,
Senior Interior Designer,Doha,Qatar,MAvX Design Plus +,Entry Level,Full Time,2025-12-19 18:48:39,2026-02-17 18:48:39,"Lead the conceptualization, development, and execution of innovative interior design projects from i...","Bachelor’s degree in Interior Design, Architecture, or a related field. 2-5 years of professional ex...","AutoCAD, Interior Design, SketchUp, Revit, Space Planning, Material Selection",https://wuzzuf.net/jobs/p/z1vugv8j3kaq-senior-interior-designer-mavx-design-plus-doha-qatar,
Senior Accountant (ERP-Based),Cairo,Egypt,Kayan For Import and Export,Experienced,Full Time,2025-12-19 18:42:07,2026-02-17 18:42:07,"Handle day-to-day accounting operations including purchases, sales, expenses, and inventory transact...",Bachelor’s degree in Accounting or Finance. 3–6 years of practical accounting experience. Strong han...,"ERP System Proficiency, Financial Reporting, Account Reconciliation, Microsoft Excel, Attention to Detail, Inventory Accounting, ERP, ERP System, Odoo ERP, Odoo Development, Odoo Accounting, Accounting, Financial Accounting, Cost Accounting, Treasury Accounting, Payable Accounting, Accounting Reports",https://wuzzuf.net/jobs/p/yl9vwepy9rw7-senior-accountant-erp-based-kayan-for-import-and-export-cairo-egypt,
Call Center Agent,Giza,Egypt,KB's Cake Studio ,Entry Level,Full Time,2025-12-19 17:28:44,2026-02-17 17:28:44,Responding to customer inquiries about products. Researching required information using available re...,Age 20-25 years Post-secondary/Higher Education/Fourth or Third Year of University Previous experien...,"Customer Service, Communication, Problem Solving, Time Management, Multitasking, Attention to Detail, Teamwork",https://wuzzuf.net/jobs/p/x99whym0qwd1-call-center-agent-kbs-cake-studio-giza-egypt,
Call Center Advisor (B1+ - B2 English Speaker)|e&UAE,Cairo,Egypt,Etisalat Egypt,Entry Level,Full Time,2025-12-19 16:08:06,2026-02-17 16:08:06,Communicating with business customers via inbound call Responding promptly to customer inquirie Ackn...,Requirements: Grads. Fluency in English (B1+ /B2 level or higher) Excellent communication skills Fle...,"Customer Service, sales, chat, 888, B2B, call center Agent, Agent, backoffice, fluency, Profinet, sales skills, Communication, Microsoft Office, English Teaching, English Instructing, Teaching English as a Foreign  Language, Foregin Language, Advisor, Inquiries, complains, UK, B2, Request, Handling, Assist, Customer Care, Customer Satisfaction, AHT, Customer Relations, Customer Survey, Web Chat, Chat Support",https://wuzzuf.net/jobs/p/hvsyhuzgxpnk-call-center-advisor-b1-b2-english-speakereuae-etisalat-egypt-cairo-egypt,
Call Center Advisor l English| e&UAE,Cairo,Egypt,Etisalat Egypt,Entry Level,Full Time,2025-12-19 16:07:30,2026-02-17 16:07:30,Communicating with business customers via inbound calls. Responding promptly to customer inquiries. ...,Requirements: Grads. Fluency in English (B1+ /B2 level or higher) Excellent communication skills Fle...,"Customer Service, sales, chat, 888, B2B, call center Agent, Agent, backoffice, fluency, Profinet, sales skills, Microsoft Office, Foregin Language, Advisor, Inquiries, complains, UK, B2, Request, Handling, Assist, Customer Care, Customer Satisfaction, AHT, Customer Relations, Customer Survey, Web Chat, Chat Support, English communication, Customer service",https://wuzzuf.net/jobs/p/nmh8lcath3xn-call-center-advisor-l-english-euae-etisalat-egypt-cairo-egypt,
e& UAE - B2B - Corporate Account Agent (English),Cairo,Egypt,Etisalat Egypt,Entry Level,Full Time,2025-12-19 16:06:54,2026-02-17 16:06:54,Communicating with business customers via inbound calls. Responding promptly to customer inquiries. ...,Requirements: No Experience Needed. B2 English Speakers. Grads. Flexibility with Rotational Shifts.,"English, Excellent english, Excellent, Medical, Customer Service, Customer Care, Customer Support, Call Center, Customer Service Agent, Customer Service Advisor, Customer Service Representative, English Account, English Speaker, Fluent English, Fluent English Speakers, Excellent English Speakers, Excellent English, 888, Vodafone UK, B2, Inbound Calls, English Teaching, English Education, English Training, English Instructing, Teaching English as a Foreign  Language, English Translation, Language Teaching, Online Teaching, Customer Service Management, Customer Experience, Real Estate, CS, Support Services, Client Support",https://wuzzuf.net/jobs/p/y4do14xhjov6-e-uae-b2b-corporate-account-agent-english-etisalat-egypt-cairo-egypt,
Sales Account Manager,Cairo,Egypt,NEURON Group,Senior Management,Full Time,2025-12-19 15:52:32,2026-02-17 15:52:32,"Manage and grow a portfolio of key client accounts, ensuring high levels of customer satisfaction an...","Minimum of 3 years of experience in sales, account management, or a related field. Proven track reco...","Account Management, Sales Strategy, Business Development, Client Relationship Building, CRM Software, Presentation Skills, Negotiation, Market Analysis, Problem-Solving, Communication",https://wuzzuf.net/jobs/p/te9srbjs2nwb-sales-account-manager-neuron-group-cairo-egypt,
Business Developer,Cairo,Egypt,justclean ,Experienced,Full Time,2025-12-19 14:19:20,2026-02-17 14:19:20,Job description: The Account Manager will be responsible for overseeing all aspects of justclean’s b...,"Skills & Qualifications Proven track record in City/Area/Operations/General Management, ideally in l...","Business Development, Sales, Market Research, Negotiation, Relationship Management, Account Management, Communication",https://wuzzuf.net/jobs/p/0npxkjgusarx-business-developer-justclean-cairo-egypt,
Senior Product Specialist – Private Credit (Investor Relations),Dubai,United Arab Emirates,Greenstone,Manager,Full Time,2025-12-19 13:51:39,2026-01-18 13:51:39,We’re hiring | Senior Product Specialist – Private Credit (Investor Relations)Greenstone Equity Part...,,"Marketing, Sales, Business Development, Sales Skills, Computer Skills, Management, Product, Communication Skills, Market Research, Medical, Microsoft Excel, Microsoft Office, Microsoft Word, Office Management, Operations, Product Management, Software Development, Startup, Accounting, Banking",https://wuzzuf.net/jobs/p/g/umc8hgf0kvnh-senior-product-specialist-private-credit-investor-relations-greenstone-dubai-united-arab-emirates,https://gsequity.bamboohr.com/careers/179
Senior AOR/ Project Coordinator,Dubai,United Arab Emirates,9E Global,Experienced,Full Time,2025-12-19 13:51:17,2026-01-18 13:51:17,"Our mission at 9E Global is to build a better world and be a transformative force, shaping the futur...",,"engineering, information technology (it), project management, computer science, architecture, design, construction, management, revit, planning, quality, business",https://wuzzuf.net/jobs/p/g/naw2568vsvkv-senior-aor-project-coordinator-9e-global-dubai-united-arab-emirates,https://9e-global.odoo.com/jobs/apply/senior-aor-project-coordinator-177
Senior Product Manager - Pro - Tax Reporting,Dubai,United Arab Emirates,Kraken,Experienced,Full Time,2025-12-19 13:50:11,2026-01-18 13:50:11,"Building the Future of Crypto Our Krakenites are a world-class team with crypto conviction, united b...",,"Sales, Marketing, Information Technology (IT), Sales Skills, Project Management, Product Management, Computer Science, Customer Service, Engineering, Management, Customer Support, Sales Target, Business Development, Microsoft Office, Customer Care, Market Research, English, Account Management, Software, Pharmacy",https://wuzzuf.net/jobs/p/g/eawht5fzxip1-senior-product-manager-pro-tax-reporting-kraken-dubai-united-arab-emirates,https://jobs.ashbyhq.com/kraken.com/2f6cefec-a282-432a-8586-012c11f8d527/application?utm_source=LinkedIn
Staff Software Engineer – Growth,Dubai,United Arab Emirates,Kraken,Experienced,Full Time,2025-12-19 13:49:37,2026-01-18 13:49:37,"Building the Future of Crypto Our Krakenites are a world-class team with crypto conviction, united b...",,"information technology (it), computer science, engineering, software engineering, python, design, docker, communication skills, it, marketing, architecture, full stack",https://wuzzuf.net/jobs/p/g/obf5xlxbhcik-staff-software-engineer-growth-kraken-dubai-united-arab-emirates,https://jobs.ashbyhq.com/kraken.com/c6bfad99-1516-45a5-88d4-b14005a467ad/application?utm_source=LinkedIn
Regional Marketing Manager,Dubai,United Arab Emirates,VT Markets,Experienced,Full Time,2025-12-19 13:47:41,2026-01-18 13:47:41,Job DescriptionAbout USVT Markets is an award-winning multi-asset brokerage trusted by over 3 millio...,,"Marketing, Social Media, Market Research, E-marketing, Digital Marketing, Media, Sales, Advertising, Sales Skills, SEO, Management, Online Marketing, Sales Target, Business Development, Business Administration, Marketing Campaigns, SEM, Google Analytics, Communication Skills, English",https://wuzzuf.net/jobs/p/g/emv7gjewsshr-regional-marketing-manager-vt-markets-dubai-united-arab-emirates,https://easyapply.jobs/r/nDu36ln25yZ6qn1bRX97
Route Development Manager – LK AE,Dubai,United Arab Emirates,DHL Global Forwarding,Manager,Full Time,2025-12-19 13:46:49,2026-01-18 13:46:49,"Job PurposeProvide input to and lead the implementation of the OFR, AFR, CDZ and IWS trade and route...",,"sales, information technology (it), sales skills, computer science, logistics, management, operations, marketing, communication skills, maintenance, shipping, business",https://wuzzuf.net/jobs/p/g/tvl4jlfecxjh-route-development-manager-lk-ae-dhl-global-forwarding-dubai-united-arab-emirates,https://careers.dhl.com/global/en/job/DPDHGLOBALAV323709ENGLOBALEXTERNAL/Route-Development-Manager-%E2%80%93-LK-AE?UTM_Source=0LinkedIn&UTM_Medium=1JobWrapper&UTM_Campaign=2dhl
Product Manager II - Custody & Funding,Dubai,United Arab Emirates,Kraken,Entry Level,Full Time,2025-12-19 13:46:31,2026-01-18 13:46:31,"Building the Future of Crypto Our Krakenites are a world-class team with crypto conviction, united b...",,"Product Management, Marketing, Sales, Information Technology (IT), Computer Science, Project Management, Market Research, Business Development, Pharmacy, Sales Skills, Product, Pharmaceutical, Engineering, Management, Medical, Sales Target, Startup, Agile, E-marketing, Software",https://wuzzuf.net/jobs/p/g/3gt2xbbqoq5m-product-manager-ii-custody-funding-kraken-dubai-united-arab-emirates,https://jobs.ashbyhq.com/kraken.com/a54ebb2a-22e0-4752-8d74-85e6ff9eee39/application?utm_source=LinkedIn
"Senior Product Specialist Gastro, Dubai",Dubai,United Arab Emirates,Johnson & Johnson Innovative Medicine,Not specified,Full Time,2025-12-19 13:46:13,2026-01-18 13:46:13,"At Johnson & Johnson, we believe health is everything. Our strength in healthcare innovation empower...",,"Marketing, Sales, Business Development, Computer Skills, Sales Skills, Management, Product, Communication Skills, Computer Science, E-marketing, Engineering, Information Technology (IT), Market Research, Microsoft Excel, Microsoft Office, Microsoft Word, Office Management, Operations, Product Management, Software Development",https://wuzzuf.net/jobs/p/g/w5bmjbnvlfil-senior-product-specialist-gastro-dubai-johnson-johnson-innovative-medicine-dubai-united-arab-emirates,https://www.careers.jnj.com/en/jobs/R-050665/?source=LinkedIn
Content Creation Specialist - AEO & SEO,Dubai,United Arab Emirates,Kraken,Entry Level,Full Time,2025-12-19 13:45:36,2026-01-18 13:45:36,"Building the Future of Crypto Our Krakenites are a world-class team with crypto conviction, united b...",,"Marketing, Social Media, Writing, SEO, Media, E-marketing, Content, Editing, Market Research, Content Writing, Digital Marketing, English, Content Creation, Content Management, Google Analytics, HTML, Advertising, Microsoft Office, Research, CSS",https://wuzzuf.net/jobs/p/g/t4gid5ntnrit-content-creation-specialist-aeo-seo-kraken-dubai-united-arab-emirates,https://jobs.ashbyhq.com/kraken.com/bd59bf00-d1e1-4665-906f-379aff71b2d3/application?utm_source=LinkedIn
Visual Merchandizing Managers,Dubai,United Arab Emirates,Puig,Experienced,Full Time,2025-12-19 13:45:15,2026-01-18 13:45:15,"Job description: The Opportunity If you are passionate about luxury, design, and creating impactful ...",,"information technology (it), design, computer science, adobe photoshop, marketing, microsoft office, english, photoshop, autocad, management, project management, illustrator",https://wuzzuf.net/jobs/p/g/g7ozsqsknisv-visual-merchandizing-managers-puig-dubai-united-arab-emirates,https://puig.contactrh.com/jobs/12/43855197/en_GB
Manager - Talent Acquisition (Emiratisation & ND) - UAE National,Dubai,United Arab Emirates,flydubai,Experienced,Full Time,2025-12-19 13:43:28,2026-01-18 13:43:28,MAIN OBJECTIVE OF ROLETo lead and execute talent acquisition strategies with a primary focus on Emir...,,"Microsoft Office, Sales, Administration, Management, Sales Skills, Office Management, Customer Service, Accounting, Finance, Marketing, Project Management, Financial Management, Engineering, Financial Analysis, Sales Target, Secretary, Admin, Customer Care, Customer Support, English",https://wuzzuf.net/jobs/p/g/rrtvrq1iecn7-manager-talent-acquisition-emiratisation-nd-uae-national-flydubai-dubai-united-arab-emirates,https://careers.flydubai.com/jobs/2536/Manager%20-%20Talent%20Acquisition%20(Emiratisation%20&%20ND)%20-%20UAE%20National?lang=en-US&mode=apply&iis=LinkedIn
Customer Experience Manager (FOH Manager) - Entertainment,Ras al-Khaimah,United Arab Emirates,Wynn Al Marjan Island,Experienced,Full Time,2025-12-19 13:42:30,2026-01-18 13:42:30,Job DescriptionAbout Wynn Al Marjan Island:On schedule to open in the United Arab Emirates in Spring...,,"Customer Service, Customer Care, Customer Support, Management, Call Center, Sales, Operations, Microsoft Office, Sales Skills, CRM, Real Estate, Marketing, Communication Skills, English, Information Technology (IT), Customer Experience, Project Management, Business Administration, Computer Science, Startup",https://wuzzuf.net/jobs/p/g/wspxldod7usc-customer-experience-manager-foh-manager-entertainment-wynn-al-marjan-island-ras-al-khaimah-united-arab-emirates,https://wam-iabkey.fa.ocs.oraclecloud.com/hcmUI/CandidateExperience/en/job/630/?utm_medium=jobboard&utm_source=linkedin
VIP Growth Manager (South Asia),Dubai,United Arab Emirates,Bitget,Experienced,Full Time,2025-12-19 13:41:35,2026-01-18 13:41:35,About usBitget is one of the world's leading digital assets ecosystems. With over 120 million regist...,,"Marketing, Social Media, Digital Marketing, SEO, Growth, Growth Hacking, Media, SEM, Startup, E-marketing, UX, Web Analytics, Agile, Analysis, Analytical, Computer Science, English, Google Marketing Channels, Information Technology (IT), Management",https://wuzzuf.net/jobs/p/g/lolarlr1s7l7-vip-growth-manager-south-asia-bitget-dubai-united-arab-emirates,https://hire-r1.mokahr.com/social-recruitment/bitget/100000079#/job/92c40030-aea3-42dd-8313-46c2651840e4
Senior Solutions Architect,Dubai,United Arab Emirates,Confluent,Experienced,Full Time,2025-12-19 13:41:11,2026-01-18 13:41:11,We’re not just building better tech. We’re rewriting how data moves and what the world can do with i...,,"Engineering, Information Technology (IT), Computer Science, Architecture, AutoCAD, Design, Software Development, Software Engineering, Computer Engineering, Adobe Photoshop, Telecommunication, Revit, Solution Architecture, Software, SQL, Java, Microsoft Office, Sales, Architecture Engineering, Azure",https://wuzzuf.net/jobs/p/g/24gxrpzggop8-senior-solutions-architect-confluent-dubai-united-arab-emirates,https://jobs.ashbyhq.com/confluent/879a097e-3297-439f-ae13-3142332238cc/application?utm_source=M553Wn6824&src=LinkedInJobWrapping
BBJ B1 or B1&B2 Engineer | DC Aviation Al Futtaim | Dubai UAE,Dubai,United Arab Emirates,Al-Futtaim,Not specified,Full Time,2025-12-19 13:39:49,2026-01-18 13:39:49,About The CompanyDC Aviation Al Futtaim (DCAF) has come a long way since its establishment in 2013 a...,,"management, sales, sales indoor, sales outdoor",https://wuzzuf.net/jobs/p/g/c3pzz0riogao-bbj-b1-or-b1b2-engineer-dc-aviation-al-futtaim-dubai-uae-al-futtaim-dubai-united-arab-emirates,https://www.afuturewithus.com/job/BBJ-B1-or-B1&B2-Engineer-DC-Aviation-Al-Futtaim-Dubai-UAE/1271541901/
Senior Data Engineer,Dubai,United Arab Emirates,Al-Futtaim,Not specified,Full Time,2025-12-19 13:39:07,2026-01-18 13:39:07,"Job Requisition ID: 174070Established in the 1930s as a trading business, Al-Futtaim Group today is ...",,"Engineering, Information Technology (IT), Computer Science, Software Engineering, Software Development, Computer Engineering, Mechanical Engineering, Electrical Engineering, Quality Control, Civil Engineering, SQL, Quality Assurance, Software Testing, AutoCAD, Sales, Construction, Architecture, Software, Testing, Sales Skills",https://wuzzuf.net/jobs/p/g/yaltutq90yfm-senior-data-engineer-al-futtaim-dubai-united-arab-emirates,https://www.afuturewithus.com/job/Dubai-Senior-Data-Engineer/1277934901/
International Order Management Specialist – Dubai,Dubai,United Arab Emirates,Stryker,Student,Full Time,2025-12-19 13:38:45,2026-01-18 13:38:45,"As an International Order Management Specialist based in Dubai, you will play a key role in ensuring...",,"microsoft office, logistics, sales, supply chain, purchasing, customer service, english, management, finance, medical, export, erp",https://wuzzuf.net/jobs/p/g/p9ddhtefpukv-international-order-management-specialist-dubai-stryker-dubai-united-arab-emirates,https://careers.stryker.com/international-order-management-specialist-dubai/job/2C6B8521B169A9DF268C85CACB8AB5A7?utm_source=Job%2Bboard&utm_medium=Linkedin
Enterprise Effectiveness Specialist,Dubai,United Arab Emirates,Emirates,Experienced,Full Time,2025-12-19 13:38:15,2026-01-18 13:38:15,Job PurposeOperations Research and Effectiveness (ORE) is an in-house consulting division at the Emi...,,"marketing, information technology (it), computer science, social media, engineering, project management, management, design, training, operations, business, analysis",https://wuzzuf.net/jobs/p/g/gkqtzhxnrph2-enterprise-effectiveness-specialist-emirates-dubai-united-arab-emirates,https://www.emiratesgroupcareers.com/search-and-apply/22916
Associate Content Creator,Dubai,United Arab Emirates,Kraken,Entry Level,Full Time,2025-12-19 13:37:27,2026-01-18 13:37:27,"Building the Future of Crypto Our Krakenites are a world-class team with crypto conviction, united b...",,"Marketing, Social Media, Writing, Media, SEO, Content, Content Creation, Editing, Content Creator, E-marketing, English, Content Writing, Content Management, Digital Marketing, Market Research, Copywriting, Copywriter, Journalism, Research, Startup",https://wuzzuf.net/jobs/p/g/87wzlg16tuvi-associate-content-creator-kraken-dubai-united-arab-emirates,https://jobs.ashbyhq.com/kraken.com/b06a45b0-c020-4117-a0f3-77c54a61e1eb/application?utm_source=LinkedIn
Senior Manager - RBWM Performance & Partnership,Dubai,United Arab Emirates,Emirates NBD,Manager,Full Time,2025-12-19 13:36:41,2026-01-18 13:36:41,Job DescriptionSenior Lead RBWM Performance and Partnership supports in driving operational performa...,,"Sales, Sales Skills, Customer Service, Project Management, Marketing, Information Technology (IT), Customer Support, Management, Computer Science, Customer Care, Engineering, Sales Target, Microsoft Office, Account Management, English, Accounting, Business Development, Finance, PMP, Operations",https://wuzzuf.net/jobs/p/g/trwn9qztqahb-senior-manager-rbwm-performance-partnership-emirates-nbd-dubai-united-arab-emirates,https://fa-evlo-saasfaprod1.fa.ocs.oraclecloud.com/hcmUI/CandidateExperience/en/job/62446/?utm_medium=jobshare
Internationalization Project Administrator,Dubai,United Arab Emirates,American University of Kuwait (AUK),Experienced,Full Time,2025-12-19 13:36:23,2026-01-18 13:36:23,JOB PURPOSE:The Internationalization Project Administrator plays a crucial role in efficiently suppo...,,"administration, microsoft office, information technology (it), business administration, computer science, project management, office management, management, english, communication skills, business, software",https://wuzzuf.net/jobs/p/g/yjgf4eetejj1-internationalization-project-administrator-american-university-of-kuwait-auk-dubai-united-arab-emirates,https://apps.adu.ac.ae/jobposting/1766133673726x985474473577939000
Assistant Manager - Leisure,Dubai,United Arab Emirates,Hyatt Regency,Experienced,Full Time,2025-12-19 13:36:03,2026-01-18 13:36:03,Organization- Hyatt Regency Dubai Creek HeightsSummaryThe Assistant Manager is responsible to maximi...,,"Administration, Office Management, Microsoft Office, Secretary, Admin Assistant, Admin, Customer Service, Admin Work, Personal Assistant, Assistant, Communication Skills, English, Microsoft Excel, Business Administration, Customer Support, Sales, Customer Care, Computer Skills, Management, MS Office",https://wuzzuf.net/jobs/p/g/fvpsqhluib4f-assistant-manager-leisure-hyatt-regency-dubai-united-arab-emirates,https://careers.hyatt.com/en-US/careers/jobdetails/10880/DUB006327?src=SNS-102
Sustainability Engineer,Dubai,United Arab Emirates,Wasl Group,Entry Level,Full Time,2025-12-19 13:34:56,2026-01-18 13:34:56,POSITION SUMMARY:The Sustainability Engineer is responsible to oversee implementation of sustainable...,,"engineering, information technology (it), computer science, civil engineering, construction, management, design, maintenance, operations, marketing, site, infrastructure",https://wuzzuf.net/jobs/p/g/kwdjbjvsmfd5-sustainability-engineer-wasl-group-dubai-united-arab-emirates,https://careers.wasl.ae/job-invite/761/
Global Engagement and Events Coordinator,Dubai,United Arab Emirates,American University of Kuwait (AUK),Experienced,Full Time,2025-12-19 13:34:23,2026-01-18 13:34:23,SECTION I: JOB PURPOSEThe GEEC Coordinator will play a critical role in supporting Abu Dhabi Univers...,,"marketing, social media, information technology (it), media, administration, education, english, communication, business, management, business administration, training",https://wuzzuf.net/jobs/p/g/zktnn4h6in9o-global-engagement-and-events-coordinator-american-university-of-kuwait-auk-dubai-united-arab-emirates,https://apps.adu.ac.ae/jobposting/1766121385427x624888151573528600
Senior Finance Manager– GCC,Dubai,United Arab Emirates,Visa,Experienced,Full Time,2025-12-19 13:32:29,2026-01-18 13:32:29,"Visa is a world leader in payments and technology, with over 259 billion payments transactions flowi...",,"Accounting, Finance, CMA, CPA, ACCA, ERP, SAP, CIMA, Commerce, Financial Analysis, Financial Management, MBA, Manufacturing, Microsoft Office, ACA, BIg 4, Big4 Firm, CA, CFA, EBS",https://wuzzuf.net/jobs/p/g/rnq6rolrlvci-senior-finance-manager-gcc-visa-dubai-united-arab-emirates,https://jobs.smartrecruiters.com/Visa/744000099756544-senior-finance-manager-gcc?source=LinkedIn
Director of Engineering,Dubai,United Arab Emirates,Grand Hyatt,Manager,Full Time,2025-12-19 13:32:11,2026-01-18 13:32:11,"Organization- Grand Hyatt Abu DhabiSummaryCare connects us. At Hyatt, hospitality is more than a job...",,"Engineering, Information Technology (IT), PHP, Software Engineering, AWS, Amazon Cloud, Amazon Travel, Angular, AngularJS, Backend, CSS, Cakephp, Civil Engineering, Cloud, Codeigniter, Codeignitor, Computer Science, Director, Docker, Elastic Search",https://wuzzuf.net/jobs/p/g/qi8l6rv2uhcy-director-of-engineering-grand-hyatt-dubai-united-arab-emirates,https://careers.hyatt.com/en-US/careers/jobdetails/10880/ABU003099?src=SNS-102
Sr Procurement Buyer,Dubai,United Arab Emirates,Honeywell,Experienced,Full Time,2025-12-19 13:20:40,2026-01-18 13:20:40,"Job DescriptionThe future is what we make it.When you join Honeywell, you become a member of our glo...",,"Procurement, Purchasing, Engineering, Sales, Architecture, Business Administration, Business Development, Construction, Management, Negotiation, Planning, Project, Project Management, Sales Skills, Suppliers, Supply Chain, Analysis, Buyer, Communication Skills, Computer Skills",https://wuzzuf.net/jobs/p/g/iv50kx0scsix-sr-procurement-buyer-honeywell-dubai-united-arab-emirates,https://ibqbjb.fa.ocs.oraclecloud.com/hcmUI/CandidateExperience/en/job/132240/?utm_medium=jobboard&utm_source=linkedin
Assistant Librarian,Dubai,United Arab Emirates,The Aquila School,Entry Level,Full Time,2025-12-19 13:20:10,2026-01-18 13:20:10,"DescriptionJob Description for Assistant LibrarianAs we continue to grow, we are looking for a quali...",,"administration, admin, education, library, teaching, english, librarian, books, reading",https://wuzzuf.net/jobs/p/g/hdsjuv7dq2w0-assistant-librarian-the-aquila-school-dubai-united-arab-emirates,https://careers.internationalschoolspartnership.com/en/jobs/17154914-assistant-librarian?tm_job=JR206793&tm_event=view&tm_company=44982&bid=56
B2B Sales Executive - dubizzle Cars,Dubai,United Arab Emirates,dubizzle,Experienced,Full Time,2025-12-19 13:17:42,2026-01-18 13:17:42,"Bayut & dubizzle have the unique distinction of being iconic, homegrown brands with a strong presenc...",,"Sales, Sales Skills, Sales Target, B2B, Customer Service, Marketing, Business Development, Customer Support, Customer Care, Corporate Sales, B2B Sales, English, Telesales, Communication Skills, Outdoor Sales, Computer Skills, Business Administration, Communication, Startup, Microsoft Office",https://wuzzuf.net/jobs/p/g/hfz5u4jhivlo-b2b-sales-executive-dubizzle-cars-dubizzle-dubai-united-arab-emirates,https://apply.workable.com/j/9B9DA2FDEA
"Administration Assistant (Emiratisation) - dnata, Airport Operations",Dubai,United Arab Emirates,dnata,Entry Level,Full Time,2025-12-19 13:17:21,2026-01-18 13:17:21,Job Purposednata is one of the world’s largest air and travel services providers; offering ground ha...,,"Administration, Office Management, Secretary, Microsoft Office, Admin Assistant, Admin, Communication Skills, Admin Work, Microsoft Excel, Computer Skills, Customer Service, Personal Assistant, Business Administration, Admin Assist, Assistant, English, Customer Care, Customer Support, Microsoft Word, MS Office",https://wuzzuf.net/jobs/p/g/srmtrokvypms-administration-assistant-emiratisation-dnata-airport-operations-dnata-dubai-united-arab-emirates,https://www.emiratesgroupcareers.com/search-and-apply/23066
Data Entry Executive,Dubai,United Arab Emirates,Noorka Logistics,Senior Management,Full Time,2025-12-19 13:16:36,2026-01-18 13:16:36,Noorka Logistics is looking for a detail-oriented and efficient Data Entry Executive to join our ope...,,"Data Entry, Administration, Microsoft Office, Admin, Typing, Customer Service, Microsoft Excel, Computer Skills, Customer Care, Customer Support, English, Microsoft Word, Writing, Communication Skills, Data, Marketing, Accounting, Admin Work, Office Management, Startup",https://wuzzuf.net/jobs/p/g/s9swnue8cyrr-data-entry-executive-noorka-logistics-dubai-united-arab-emirates,https://www.careers.noorka.com/job/data-entry-executive-7/
Warehouse Specialist | Al-Futtaim Automotive | FAMCO,Dubai,United Arab Emirates,Al-Futtaim Automotive - الفطيم للسيارات,Not specified,Full Time,2025-12-19 13:15:39,2026-01-18 13:15:39,"Job Requisition ID: 174570Established in the 1930s as a trading business, Al-Futtaim Group today is ...",,"adobe photoshop, digital marketing, e-marketing, marketing",https://wuzzuf.net/jobs/p/g/dppjy2hwoeaa-warehouse-specialist-al-futtaim-automotive-famco-al-futtaim-automotive-alftym-llsyarat-dubai-united-arab-emirates,https://www.afuturewithus.com/job/Dubai-Warehouse-Specialist-Al-Futtaim-Automotive-FAMCO/1277925301/
"Title
            
                
                    General Assistant - Pharmacy",Dubai,United Arab Emirates,Ayadi Home Health Care LLC,Entry Level,Full Time,2025-12-19 13:13:50,2026-01-18 13:13:50,Closing DateNumber of positions: 1Recruiter name: Fatma AlharthiReference number: 66155Workplace Typ...,,"Microsoft Office, Administration, Secretary, Office Management, Admin, Management, Personal Assistant, Secretarial, Admin Assistant, CEO Assistant, Computer Skills, Customer Service, English, Foreign Purchasing, Adminstration, Career Path, Chemistry, Communication Skills, Customer Support, Data Entry",https://wuzzuf.net/jobs/p/g/sma5m3d5uruw-title-general-assistant-pharmacy-ayadi-home-health-care-llc-dubai-united-arab-emirates,https://careers.mediclinic.com/MiddleEast/job/Mediclinic-Parkview-Hospital-General-Assistant-Pharmacy-Duba-505004/1277913901/
Graphic Designer,Monufya,Egypt,AlShrouk Paper,Experienced,Full Time,2025-12-19 13:12:59,2026-02-17 13:12:59,"Develop creative and visually compelling designs for paper bags, packaging, and printed wrapping pap...","Minimum of 4 years and up to 8 years of professional experience in graphic design, preferably within...","Graphic Design, Packaging Design, Branding, Print Production",https://wuzzuf.net/jobs/p/uhvoe35xyjou-graphic-designer-alshrouk-paper-monufya-egypt,
Assistant Manager - Outlet,Dubai,United Arab Emirates,Hyatt Regency,Experienced,Full Time,2025-12-19 13:12:26,2026-01-18 13:12:26,Organization- Hyatt Regency Dubai Creek HeightsSummaryYou will be responsible to assist with the eff...,,"Administration, Office Management, Microsoft Office, Secretary, Admin Assistant, Admin, Customer Service, Admin Work, Personal Assistant, Assistant, Communication Skills, English, Microsoft Excel, Business Administration, Customer Support, Sales, Customer Care, Computer Skills, Management, MS Office",https://wuzzuf.net/jobs/p/g/qwwlgn244l17-assistant-manager-outlet-hyatt-regency-dubai-united-arab-emirates,https://careers.hyatt.com/en-US/careers/jobdetails/10880/DUB006538?src=SNS-102
Materials Clerk,Dubai,United Arab Emirates,ANdAZ,Entry Level,Full Time,2025-12-19 13:10:16,2026-01-18 13:10:16,"Organization- Andaz Dubai The PalmSummaryThe Materials Clerk is responsible for verifying, recording...",,"purchasing, supply chain, procurement, microsoft office, communication skills, computer skills",https://wuzzuf.net/jobs/p/g/dcgnpbwotg5f-materials-clerk-andaz-dubai-united-arab-emirates,https://careers.hyatt.com/en-US/careers/jobdetails/10880/DUB006577?src=SNS-102
Administrative Assistant,Dubai,United Arab Emirates,Noorka Logistics,Entry Level,Full Time,2025-12-19 13:10:05,2026-01-18 13:10:05,Noorka Logistics is looking for a proactive and well-organized Administrative Assistant to join our ...,,"Administration, Office Management, Secretary, Microsoft Office, Admin Assistant, Admin, Communication Skills, Admin Work, Microsoft Excel, Computer Skills, Customer Service, Personal Assistant, Business Administration, Admin Assist, Assistant, English, Customer Care, Customer Support, Microsoft Word, MS Office",https://wuzzuf.net/jobs/p/g/nyvqjoz8yqbh-administrative-assistant-noorka-logistics-dubai-united-arab-emirates,https://www.careers.noorka.com/job/administrative-assistant-16/
Operations Manager - F&B,Cairo,Egypt,YG Hospitality,Manager,Full Time,2025-12-19 13:07:16,2026-02-17 13:07:16,We are seeking an experienced Operations Manager to lead and manage both the pre-opening phase and o...,Requirements 5+ years experience in F&B / café / bakery operations (pre-opening experience preferred...,"Operations Management, Team Leadership, Vendor Management, Food Manufacturing, Hotel, Restaurant, Cafe, Operations Manager, Lead Management, Bakery, SOPS, Food Production, Food Processing, Hospitality Management, Hotel, Restaurant, Catering, Resturante",https://wuzzuf.net/jobs/p/murotzenobnz-operations-manager-fb-yg-hospitality-cairo-egypt,
Sales & Marketing Manager,Cairo,Egypt,Apexos Food & Beverage,Manager,Full Time,2025-12-19 10:48:15,2026-02-17 10:48:15,Apexos Food & Beverage is an emerging company operating a multi-brand production facility dedicated ...,"Experience in developing and implementing sales strategies Strong negotiation, communication, and in...","Sales, horeca, Food & Beverage, Marketing, FMCG Sales, fmcg marketing, Event Management",https://wuzzuf.net/jobs/p/ry0rs7jsz3uv-sales-marketing-manager-apexos-food-beverage-cairo-egypt,
e& Customer Service (B1 English),Cairo,Egypt,Etisalat Egypt,Entry Level,Full Time,2025-12-19 01:14:18,2026-02-17 01:14:18,e&Cx Company is hiring B1 English speakers to be a customer service representatives responsible for ...,Very good English is a MUST (B1) University Grades Experience in Customer-Facing roles is a plus,"Customer Service, Problem solving, Arabic, English, Inbound calls, Problem Solving",https://wuzzuf.net/jobs/p/q5jrghmt7vmn-e-customer-service-b1-english-etisalat-egypt-cairo-egypt,
Civil / Architectural Engineer – Real Estate Valuation,Giza,Egypt,United Advanced Company,Experienced,Full Time,2025-12-19 01:06:27,2026-02-17 01:06:27,Civil / Architectural Engineer – Real Estate Valuation Consulting Office Specialized in Asset Valuat...,"Key Responsibilities: • Valuation of land, buildings, and real estate assets • Conducting site inspe...","Civil Engineering, Real Estate Valuation, Architectural Engineering, Construction Assessment, Analytical Thinking, Property Inspection",https://wuzzuf.net/jobs/p/ryitcaecnm4j-civil-architectural-engineer-real-estate-valuation-united-advanced-company-giza-egypt,
Mechanical Engineer,Giza,Egypt,United Advanced Company,Entry Level,Full Time,2025-12-19 01:00:40,2026-02-17 01:00:40,re you a Mechanical Engineering graduate (Class of 2022 or later) looking to kickstart your career a...,Bachelor’s in Mechanical Engineering Strong willingness to learn and grow Proficiency in Excel & Wor...,"Analytical Thinking, Engineering, Teamwork • Organization Skills • Eager to learn and innovate",https://wuzzuf.net/jobs/p/wbtlldsbptc2-mechanical-engineer-united-advanced-company-giza-egypt,
e& Backoffice (Mail & Chat) B2,Cairo,Egypt,Etisalat Egypt,Entry Level,Full Time,2025-12-19 00:53:08,2026-02-17 00:53:08,e&Cx Company is hiring fluent speakers to be a customer service representatives responsible for hand...,Fluency in English University Grades Experience in Customer-Facing roles is a plus,"Customer service, Fast Typing, Back office, Customer, Problem Solving, Fast typing, Chat",https://wuzzuf.net/jobs/p/ne4vj9orpofh-e-backoffice-mail-chat-b2-etisalat-egypt-cairo-egypt,
Corporate B2B advisor - e& UAE (B2),Cairo,Egypt,Etisalat Egypt,Entry Level,Full Time,2025-12-19 00:42:38,2026-02-17 00:42:38,e&Cx Company is hiring fluent speakers to be a customer service representatives responsible for hand...,CS Experience is a PLUS Fluent English Speakers. Grads. Flexibility with Rotational Shifts.,"B2B Sales, Account Management, Telecommunications Solutions, Consultative Selling, Negotiation, Client Relationship Management, Presentation Skills, Market Analysis, CRM Software, Business Development",https://wuzzuf.net/jobs/p/nopvxvfresjr-corporate-b2b-advisor-e-uae-b2-etisalat-egypt-cairo-egypt,
Corporate Lawyer,Cairo,Egypt,GPS,Entry Level,Full Time,2025-12-19 00:40:07,2026-02-17 00:40:07,"Draft, review, and negotiate all types of contracts clients, ensuring company's interests are well p...","Bachelor’s degree in law Minimum 2 years of experience as a corporate lawyer, Appeal lawyer (is pref...","Commercial Law, Corporate lawyer, lawyer, Legal, Corporate Law, Labour Law, Law, Appeal, Appeal lawyer, Corporate",https://wuzzuf.net/jobs/p/f4qpysauvvzb-corporate-lawyer-gps-cairo-egypt,
Call Center Operations Manager to apply send your CV via WhatsApp to: O1O7O694776,Alexandria,Egypt,,Experienced,Full Time,2025-12-19 00:10:30,2026-02-17 00:10:30,Call Center Operations Manager to apply send your CV via WhatsApp to: O1O7O694776 organize all daily...,Minimum 2–4 years of experience in a sales call center. Previous experience as a Supervisor / Team L...,"Call Center Management, Performance Monitoring, Team Leadership, Communication, Customer Service, Process Improvement, Conflict Resolution, Analytical Thinking, Quality Assurance, Workforce Management",https://wuzzuf.net/jobs/p/wf4rg2pastha-call-center-operations-manager-to-apply-send-your-cv-via-whatsapp-to-o1o7o694776-alexandria-egypt,
Business Development Manager to apply send your CV via WhatsApp to: O1O7O694776,Alexandria,Egypt,,Senior Management,Full Time,2025-12-19 00:05:37,2026-02-17 00:05:37,Develop plans for business development projects and current and future expansions. Conduct market st...,Requirements: Proven hands-on experience in business development and strategic planning. Strong know...,"Business Development, Strategic Planning, Sales Negotiation, Market Research, Relationship Management, Analytical Thinking, Communication, Project Management, CRM Proficiency, Presentation Skills",https://wuzzuf.net/jobs/p/cm0fsuxww17d-business-development-manager-to-apply-send-your-cv-via-whatsapp-to-o1o7o694776-alexandria-egypt,
Clinical Coordinator,Giza,Egypt,Pyramids Pharmacy ,Entry Level,Full Time,2025-12-18 23:06:55,2026-02-16 23:06:55,Coordinate daily clinical operations to ensure seamless workflow and patient care delivery. Serve as...,"Bachelor’s degree in pharmacy, nursing, healthcare administration, or a related field. 1-5 years of ...","Clinical coordination, Healthcare administration, Patient care support, Communication, Problem-solving, Organizational skills, Regulatory compliance",https://wuzzuf.net/jobs/p/jtvembjzigvi-clinical-coordinator-pyramids-pharmacy-giza-egypt,
Digital Marketing Manager to apply send your cv whatsapp O1O7O694776,Alexandria,Egypt,,Manager,Full Time,2025-12-18 23:05:09,2026-02-16 23:05:09,Develop and implement digital marketing strategies aligned with company goals. Manage paid advertisi...,Proven practical experience in digital marketing. Deep understanding of online platforms and their o...,"Digital Marketing, Digital Advertising, Facebook ads, Google Ads, Ads",https://wuzzuf.net/jobs/p/lbaimqycbkqt-digital-marketing-manager-to-apply-send-your-cv-whatsapp-o1o7o694776-alexandria-egypt,
Purchase Coordinator,Cairo,Egypt,Spark45,Experienced,Full Time,2025-12-18 22:52:49,2026-02-16 22:52:49,"Coordinate and manage the end-to-end purchasing process, from requisition to delivery, ensuring time...","Bachelor’s degree in Business Administration, Supply Chain Management, or a related field. 2-5 years...","Negotiation, Supplier Relationship Management, Problem-Solving, Organization, Procurement, Data Analysis, Inventory Management, Supply Chain, Certified Supply Chain Professional, Purchasing, Foreign Purchasing, International Purchasing, Purchasing Management, Logistics Management, Logistics Operations, Procurements, Microsoft Programs",https://wuzzuf.net/jobs/p/f7sykbyl6pkm-purchase-coordinator-spark45-cairo-egypt,
Data Analyst send your CV via WhatsApp to: O1O7O694776,Alexandria,Egypt,,Experienced,Full Time,2025-12-18 22:48:14,2026-02-16 22:48:14,"Data Analyst Collect, clean, and validate large datasets from multiple sources to ensure data integr...","Full proficiency in Microsoft Excel. Practical experience using Power BI, including building reports...","Data Entry, Microsoft Excel, Power BI, Communication",https://wuzzuf.net/jobs/p/1yulcynynbfa-data-analyst-send-your-cv-via-whatsapp-to-o1o7o694776-alexandria-egypt,
HR Manager,Cairo,Egypt,,Manager,Full Time,2025-12-18 21:32:05,2026-02-16 21:32:05,Develop and implement HR strategies and initiatives aligned with the overall business objectives and...,"Minimum of 7 years of progressive experience in human resources management, with at least 3 years in...","Experience, Human Resources (HR), Payroll, Recruitment, Personnel, Microsoft Office, English, Skills",https://wuzzuf.net/jobs/p/1da9a8w3nw7i-hr-manager-cairo-egypt,
Finance Manager,Cairo,Egypt,ECC Group,Manager,Full Time,2025-12-18 20:44:11,2026-02-16 20:44:11,The Finance Manager is responsible for leading and developing the financial function across the grou...,"Bachelor’s degree in finance, Accounting, or a related field. Minimum of 10 years of experience in f...","Financial Analysis, Budgeting and Forecasting, Financial Reporting, Accounting, Risk Management, Strategic Planning, Cash Flow Management, Leadership, ERP Systems, Communication",https://wuzzuf.net/jobs/p/cf5lrydbaxhz-finance-manager-ecc-group-cairo-egypt,
Customer Support Advisor - English Account UAE (Grads Only),Cairo,Egypt,Etisalat Egypt,Entry Level,Full Time,2025-12-18 19:39:24,2026-02-16 19:39:24,We are hiring Customer Service Representatives to join our dynamic call center team. If you’re passi...,Bachelor’s degree in a relevant field Professional level of English proficiency Maximum age: 34 year...,"Customer Service, Customer Support, Customer Care, Customer Relations, Communication skills, Call Center, Team Player, Time Management, Problem Solving, Customer Satisfaction, English, B2B, CRM, Customer Experience, English speaking, English Education, Technical Support, B2 English, B1+ English, C1 English, Business English, Business Administration",https://wuzzuf.net/jobs/p/e72rdjda9pff-customer-support-advisor-english-account-uae-grads-only-etisalat-egypt-cairo-egypt,
BI Developers – Data Warehouse / Lakehouse,Muscat,Oman,Global Solutions - GS Oman,Experienced,Full Time,2025-12-18 19:20:17,2026-02-16 19:20:17,Job Title: BI Developers – Data Warehouse / Lakehouse Location: Onsite / Offshore Employment Type: C...,"Required Skills & Qualifications Hands-on experience with BI tools (Power BI, Tableau, Qlik, Looker,...","Power BI/Tableau, Project Leadership, Stakeholder Management, Lakehouse Architecture, ETL Development, Data Modeling, Data Governance, SQL, Data Warehousing, Business Intelligence (BI), Data Lakehouse, Cloud Data Platforms, Analytical Thinking",https://wuzzuf.net/jobs/p/k2gbzk8vctio-bi-developers-data-warehouse-lakehouse-global-solutions-gs-oman-muscat-oman,
Senior BI Lead – Data Warehouse / Lakehouse,Muscat,Oman,Global Solutions - GS Oman,Experienced,Full Time,2025-12-18 19:17:02,2026-02-16 19:17:02,Job Title: Senior BI Lead – Data Warehouse / Lakehouse Location: Onsite / Offshore Employment Type: ...,"Required Skills & Qualifications Strong expertise in BI tools (Power BI, Tableau, Qlik, Looker, or s...","Power BI/Tableau, Project Leadership, Stakeholder Management, Lakehouse Architecture, ETL Development, Data Modeling, Data Governance, SQL, Data Warehousing, Business Intelligence (BI)",https://wuzzuf.net/jobs/p/vaxl9welpqsk-senior-bi-lead-data-warehouse-lakehouse-global-solutions-gs-oman-muscat-oman,
Data Governance & Modeling Lead,Muscat,Oman,Global Solutions - GS Oman,Manager,Full Time,2025-12-18 19:09:46,2026-02-16 19:09:46,Job Title: Data Governance & Modeling Lead Location: Onsite / Offshore Employment Type: Contract (FT...,"Required Skills & Qualifications Strong expertise in data modeling techniques (dimensional, relation...","Team Leadership, Data Architecture, Data Quality Management, Metadata Management, Master Data Management, Stakeholder Management, Project Management, Analytical Thinking, Data Modeling, Data Governance",https://wuzzuf.net/jobs/p/n0sygplgteg0-data-governance-modeling-lead-global-solutions-gs-oman-muscat-oman,
Data Engineer QA – Data Warehouse / Lakehouse,Muscat,Oman,Global Solutions - GS Oman,Experienced,Full Time,2025-12-18 19:06:59,2026-02-16 19:06:59,Job Title: Data Engineer QA – Data Warehouse / Lakehouse Location: Onsite / Offshore Employment Type...,Required Skills & Qualifications Strong experience in data engineering with a focus on QA and testin...,"Problem Solving, Big Data Technologies (Spark, Hadoop, Databricks), Data Governance, Performance Optimization, Data Modeling, ETL/ELT Development, SQL, Cloud Data Platforms (AWS, Azure, GCP), Data Lakehouse Architecture, Data Warehousing, Cloud Data Platforms, Big Data Technologies, Python or Scala Programming, ETL Development",https://wuzzuf.net/jobs/p/3i5ie02dgkd0-data-engineer-qa-data-warehouse-lakehouse-global-solutions-gs-oman-muscat-oman,
Data Engineer – Data Warehouse / Lakehouse,Muscat,Oman,Global Solutions - GS Oman,Experienced,Full Time,2025-12-18 19:03:22,2026-02-16 19:03:22,"Job Title: Data Engineer – Data Warehouse / Lakehouse Location: Onsite / Offshore - Muscat , Oman Em...","Required Skills & Qualifications Bachelor’s or Master’s degree in Computer Science, Engineering , or...","Problem Solving, Big Data Technologies (Spark, Hadoop, Databricks), Data Governance, Performance Optimization, Data Modeling, ETL/ELT Development, SQL, Cloud Data Platforms (AWS, Azure, GCP), Data Lakehouse Architecture, Data Warehousing, Cloud Data Platforms, Big Data Technologies, Python or Scala Programming, ETL Development",https://wuzzuf.net/jobs/p/uditmjeqkrhm-data-engineer-data-warehouse-lakehouse-global-solutions-gs-oman-muscat-oman,
Senior Data Engineer – Data Warehouse / Lakehouse,Muscat,Oman,Global Solutions - GS Oman,Experienced,Full Time,2025-12-18 19:00:32,2026-02-16 19:00:32,"Job Title: Senior Data Engineer – Data Warehouse / Lakehouse Location: Onsite / Offshore - Muscat ,O...",Required Skills & Qualifications Strong expertise in ETL design and development for large-scale data...,"Problem Solving, Big Data Technologies (Spark, Hadoop, Databricks), Data Governance, Performance Optimization, Data Modeling, ETL/ELT Development, SQL, Cloud Data Platforms (AWS, Azure, GCP), Data Lakehouse Architecture, Data Warehousing",https://wuzzuf.net/jobs/p/xbixvpbhd3vq-senior-data-engineer-data-warehouse-lakehouse-global-solutions-gs-oman-muscat-oman,
Technical Project Lead – Data warehouse/Lakehouse,Muscat,Oman,Global Solutions - GS Oman,Manager,Full Time,2025-12-18 18:36:48,2026-02-16 18:36:48,Technical Project Lead – Data Warehouse / Lakehouse Location: Onsite / Offshore - Muscat -Oman Emplo...,"Required Skills & Qualifications Bachelor’s or Master’s degree in Computer Science, Engineering, or ...","Project Management, Data Warehousing, Data Lakehouse Architecture, Cloud Platforms (AWS, Azure, GCP), ETL Development, Stakeholder Management, Risk Management, Agile Methodologies, Communication, Team Leadership",https://wuzzuf.net/jobs/p/fjefsxfbm7wx-technical-project-lead-data-warehouselakehouse-global-solutions-gs-oman-muscat-oman,
"Digital Transformation Strategy Consultant | Muscat,Oman",Cairo,Egypt,Global Solutions - GS Oman,Senior Management,Full Time,2025-12-18 18:26:23,2026-02-16 18:26:23,"Digital Transformation Project Manager Location: Oman (On-site) Contract Duration: 12 Months ""Renewa...","Qualifications & Experience: Bachelor’s or Master’s degree in Digital Transformation, IT Management,...","Enterprise Development, digital transformation, Computer Science, IT Service Management",https://wuzzuf.net/jobs/p/thz0oalgje0m-digital-transformation-strategy-consultant-muscatoman-global-solutions-gs-oman-cairo-egypt,
Manager - Hotel Operation (Online Accommodation),Giza,Egypt,Almosafer,Manager,Full Time,2025-12-18 18:25:27,2026-02-16 18:25:27,Develop and execute online accommodation and tourism distribution strategies aligned with company go...,"Bachelor’s degree in Tourism Management, Hospitality, Business Administration or a related field Cer...","Hotel Operations Management, Online Accommodation Platforms, Team Leadership, Strategic Planning, Vendor Management, Communication, OTA, Bedbanks, Hotel distribution channels, Contracts Management, Rate parity, Inventory Management, Tourism, Hotel Booking, Team management",https://wuzzuf.net/jobs/p/pvmkspbv3kgm-manager-hotel-operation-online-accommodation-almosafer-giza-egypt,
Customer Service Representative - Vodafone UK - Cairo/Giza,Cairo,Egypt,VOIS Egypt,Entry Level,"Full Time, Shift Based",2025-12-18 18:18:27,2026-02-16 18:18:27,Serve as the primary point of contact for customers. Handle customer inquiries over the phone and as...,"Fluency in English is a MUST. Applicants must be university graduates, dropouts or gap year students...","Call Center, Customer Service, Customer Care, Customer Support, English, Fluent in English, Vodafone, English Department, International Account Advisor, VOIS",https://wuzzuf.net/jobs/p/qi9of05ipgsi-customer-service-representative-vodafone-uk-cairogiza-vois-egypt-cairo-egypt,
Customer Service Representative - Vodafone Ireland - Cairo,Cairo,Egypt,VOIS Egypt,Entry Level,Full Time,2025-12-18 18:16:16,2026-02-16 18:16:16,"Job Title: Customer Service Representative (Tech) Location : Giza, Egypt (Hybrid) Company : VOIS Acc...",Strong technical ability and interest in telecom/IT-related systems. Excellent interpersonal and com...,"Problem-solving, Technical troubleshooting, Team collaboration, Customer service, Communication, Attention to detail, Time management, communication skills, fluent in English, VOIS, Vodafone, C1, University Graduates, WFH, Technical Support",https://wuzzuf.net/jobs/p/58scucknycow-customer-service-representative-vodafone-ireland-cairo-vois-egypt-cairo-egypt,
Call Center Manager - Online Flights,Giza,Egypt,Almosafer,Manager,Full Time,2025-12-18 18:15:14,2026-02-16 18:15:14,The Customer Care Manager at Almosafer will be responsible for leading a high-performing customer ca...,"Education & Experience Bachelor’s degree in Business Administration, Marketing, or a related field. ...","Strategic Thinking, Innovation, CRM System, Amadeus gds, Business Development, Salesforce, Marketing, Zendesk, Data Analytics, Team Leadership, Leadership Management, Microsoft Excel, Power BI, Automation, Amadeus, gds systems, Ticketing, Flights, Customer Service, Customer Care, Customer Satisfaction",https://wuzzuf.net/jobs/p/lpf16jnbywxy-call-center-manager-online-flights-almosafer-giza-egypt,
Customer Service Representative - Vodafone UK & Ireland- Cairo,Cairo,Egypt,VOIS Egypt,Entry Level,"Full Time, Shift Based",2025-12-18 18:15:00,2026-02-16 18:15:00,"Job Title: Customer Service Representative Location: Cairo, Egypt (Hybrid) Company: VOIS Account: Vo...",Fluency in English is essential . Open to graduates. Residents of Cairo or those willing to relocate...,"Communication, Communication skills, Customer Care, Customer Service, Customer Support, English, Sales, Call Center, work from home, fluent in English, wfh, Vodafone, remote, c1, VOIS, University Graduates",https://wuzzuf.net/jobs/p/7fqphvhpnqhn-customer-service-representative-vodafone-uk-ireland-cairo-vois-egypt-cairo-egypt,
Customer Service Representative - Vodafone UK - Alexandria,Alexandria,Egypt,VOIS Egypt,Entry Level,"Full Time, Shift Based",2025-12-18 18:12:25,2026-02-16 18:12:25,"Job Title: Customer Service Representative Location: Alexandria, Egypt (Hybrid) Company: VOIS Accoun...","Fluency in English is essential . Open to graduates, dropouts or gap year students . Residents of Al...","Communication skills, Customer Service, Communication, Customer Care, Customer Support, English, Sales, Call Center, Contact Center, work from home, fluent in English, wfh, Vodafone, Remote, c1, VOIS, University Graduates, Dropouts, GapYearStudents",https://wuzzuf.net/jobs/p/xoegzmhuyofk-customer-service-representative-vodafone-uk-alexandria-vois-egypt-alexandria-egypt,
Business Development & Sales Specialist,Sharqia,Egypt,Intertrade Co. ,Experienced,Full Time,2025-12-18 18:04:15,2026-02-16 18:04:15,The Business Development & Sales Specialist is responsible for driving both new business development...,"Bachelor’s degree in Business Administration, Engineering, Marketing, or a related field. 1–3 years ...","Business Development, Market Research, Sales Strategy, Client Relationship Management, Negotiation, Analytical Thinking, Presentation Skills, Communication, CRM Software Proficiency, Problem Solving, Export Sales, Sales, Customer Service, Marketing",https://wuzzuf.net/jobs/p/fzteaaf5lyho-business-development-sales-specialist-intertrade-co-sharqia-egypt,
Quality Assurance Engineer,Sharqia,Egypt,Intertrade Co. ,Entry Level,Full Time,2025-12-18 17:59:26,2026-02-16 17:59:26,The Quality Assurance Engineer / Specialist ensures product and process quality across all productio...,"Bachelor’s degree in Engineering (Mechanical, Industrial, Chemical, or Quality). 1-3 years of experi...","Quality Assurance, Process Improvement, Quality Control, Root Cause Analysis, Statistical Process Control, Problem Solving, Attention to Detail, Teamwork, Communication, Technical Reporting, PVC, Plastic Extrusion, Total Quality Management, Quality Management System, Integrated Management Systems (IMS), CAPA, 5S Lean Manufacturing Methodology, Six Sigma",https://wuzzuf.net/jobs/p/oehtubrbzupu-quality-assurance-engineer-intertrade-co-sharqia-egypt,
CEO Assistant,Cairo,Egypt,Lavita Developments ,Experienced,Full Time,2025-12-18 17:54:46,2026-02-16 17:54:46,"Provide comprehensive administrative support to the CEO, including managing schedules, appointments,...","3-5 years of proven experience as an executive assistant, personal assistant, or in a similar admini...","Problem-solving, Attention to detail, Communication, Executive support",https://wuzzuf.net/jobs/p/xtnq0d4dsxob-ceo-assistant-lavita-developments-cairo-egypt,
Planning Engineer,Sharqia,Egypt,Intertrade Co. ,Entry Level,Full Time,2025-12-18 17:50:14,2026-02-16 17:50:14,Intertrade is seeking a Planning Engineer / Planning Specialist to support the execution of producti...,"Bachelor’s degree in Industrial Engineering, Mechanical Engineering, or a related engineering discip...","Production Planning, Workflow Optimization, Data Analysis, ERP/MRP Systems, Problem Solving, Team Collaboration, Communication, Time Management, Process Improvement, Attention to Detail, Planning, Demand Planning, Supply Chain, Supply Management, Production, Engineering, Production Management, Production Process, CPIM, Manufacturing Process, PVC, Microsoft Excel, Odoo ERP, 5S Lean Manufacturing Methodology, Six Sigma",https://wuzzuf.net/jobs/p/yibxjsnj7e47-planning-engineer-intertrade-co-sharqia-egypt,
Planning Section Head,Sharqia,Egypt,Intertrade Co. ,Experienced,Full Time,2025-12-18 17:50:00,2026-02-16 17:50:00,Intertrade is seeking an experienced Planning Section Head to lead and manage production planning ac...,"Bachelor’s degree in Industrial Engineering, Mechanical Engineering, or a related engineering discip...","Planning, Production, Production Engineering, CPIM, PVC, Manufacturing Industry, Data Analysis, Microsoft Excel, Supply Chain, Certified Supply Chain Professional, Odoo ERP, Demand Planning, Sales Planning, Strategic Planning, 5S Lean Manufacturing Methodology, Six Sigma, Time Management, Management, Communication",https://wuzzuf.net/jobs/p/3notrefxo0k5-planning-section-head-intertrade-co-sharqia-egypt,
Customer Support - Telecom Account,Alexandria,Egypt,Sutherland,Entry Level,Full Time,2025-12-18 17:20:05,2026-02-16 17:20:05,Offered Package: Attractive Packages + Sales bonus scheme + Uncapped commissions ( Equivalent to the...,"Fluent in English C1 is a Must Graduates, Undergrads with no commitments & Dropouts are welcome to a...","Call Center, Cold Calling, Customer Service, Support Services, Sales Target, Telecommunication, Fluent, English speakers, CSR, Immediate start, Customer Care, Customer Support, Communication",https://wuzzuf.net/jobs/p/rlaj2qmyxcbi-customer-support-telecom-account-sutherland-alexandria-egypt,
Mobility And Sales Services Customer Support Representative,Alexandria,Egypt,Sutherland,Entry Level,Full Time,2025-12-18 17:19:41,2026-02-16 17:19:41,Act as a front-line interface with US customers Role involves responding to customers over the phone...,"Fluent in English C1 is a Must Graduates, Undergrads with no commitments & Dropouts are welcome to a...","sales, CSR, English, Fluent, English speakers, Communication, c1, Communication skills, Customer Service, Customer Support, sales skills, Skills",https://wuzzuf.net/jobs/p/hbaqatjfdupr-mobility-and-sales-services-customer-support-representative-sutherland-alexandria-egypt,
International Account Advisor - Telecom Support Agent,Alexandria,Egypt,Sutherland,Student,"Full Time, Shift Based",2025-12-18 17:19:14,2026-02-16 17:19:14,Act as a front-line interface with US customers Role involves responding to customers over the phone...,"Job Requirements Fluent in English C1 is a Must Graduates, Undergrads with no commitments & Dropouts...","Call Center, Inbound Calls, Sales, Billing Services, Customer Service, Customer Care, Customer Support, english speakers, jobs in Alexandria, c1, English",https://wuzzuf.net/jobs/p/gevpxz1fyzrt-international-account-advisor-telecom-support-agent-sutherland-alexandria-egypt,
Software Sales Specialist,Cairo,Egypt,DEVOPSOLUTION,Experienced,Full Time,2025-12-18 17:14:46,2026-02-16 17:14:46,We are seeking a driven and results-oriented Software Sales Specialist to join our commercial team. ...,2–4 years of proven experience in Software Sales or Technical Sales. Demonstrated track record of me...,"Software Sales, SaaS Sales, B2B Sales, Negotiation, CRM Management, Technical Presentations, Relationship Building, Communication, Lead Generation, Account Management, SaaS Solutions, Digital Transformation, CRM (Salesforce / HubSpot / Zoho), Sales Presentations, Pipeline Management, Closing Deals",https://wuzzuf.net/jobs/p/hmfubqoeg1if-software-sales-specialist-devopsolution-cairo-egypt,
Accounts Payable,Cairo,Egypt,Grouhy,Experienced,Full Time,2025-12-18 17:12:03,2026-02-16 17:12:03,"Job Description Invoice Management: Receive, code, verify, and process supplier invoices and expense...",Job Requirements 3-5 years of experience in accounts payable or a related finance role. Strong atten...,"Accounts Payable, Financial Reporting, Invoice Processing, Account Reconciliation, ERP Systems, Microsoft Excel, Attention to Detail, Analytical Thinking, Time Management, Communication Skills",https://wuzzuf.net/jobs/p/62ohznh5j3kr-accounts-payable-grouhy-cairo-egypt,
Sales outdoor,Cairo,Egypt,LDC,Entry Level,Full Time,2025-12-18 17:06:40,2026-02-16 17:06:40,Outdoor Sales representative (Social Media / Marketing Background Preferred) Location New Cairo We a...,Required Qualifications field sales is preferred Social media or digital marketing background is pre...,"Outdoor Sales, Business Development, Client Relationship Management, Presentation Skills, Communication, Negotiation, Digital Marketing Knowledge",https://wuzzuf.net/jobs/p/6bj2cymm0kpj-sales-outdoor-ldc-cairo-egypt,
Customer Service Clerk,Cairo,Egypt,Fleur Chocolates,Entry Level,Full Time,2025-12-18 17:01:57,2026-02-16 17:01:57,Receiving orders from clients. Receiving clients orders from production. Deliver orders to fleet. fo...,age from (23 - 28 ) good in excel. only males,"Problem Solving, Negotiation, Communication, attention to detail, Customer Service, Multitasking, Problem Analysis",https://wuzzuf.net/jobs/p/avkf1xkf8par-customer-service-clerk-fleur-chocolates-cairo-egypt,
Senior social media specialist / media buyer,Cairo,Egypt,LDC,Experienced,Full Time,2025-12-18 16:57:20,2026-02-16 16:57:20,Senior Social Media Specialist (Digital Marketing Campaigns Expert) Location New Cairo We are lookin...,Required Skills & Qualifications 4+ years of experience as a Social Media Specialist or Digital Mark...,"Media Buying, Social Media Strategy, Analytics & Reporting, Audience Targeting, Budget Management, Digital Marketing, Content Creation",https://wuzzuf.net/jobs/p/ilxw3xataggz-senior-social-media-specialist-media-buyer-ldc-cairo-egypt,
Sales Coordinator,Cairo,Egypt,Pollion LSP,Entry Level,Full Time,2025-12-18 16:54:35,2026-02-16 16:54:35,"Coordinate and support daily sales operations, ensuring timely follow-up on client inquiries and req...","Up to 1 year of experience in sales coordination, sales support, or a related administrative role. E...","Sales coordination, CRM management, Client communication, Organizational skills, Time management, Microsoft Office proficiency, Remote collaboration, Problem-solving, Multitasking, Attention to detail",https://wuzzuf.net/jobs/p/err0w9hp7auy-sales-coordinator-pollion-lsp-cairo-egypt,
Project Management Team Lead | Localization,Cairo,Egypt,Pollion LSP,Manager,Full Time,2025-12-18 16:50:50,2026-02-16 16:50:50,Lead and mentor a team of project managers and coordinators in the execution of localization project...,"Minimum of 3 years and maximum of 5 years of experience in project management, with a strong focus o...","Project Management, Team Leadership, Multilingual Content Delivery, Client Relationship Management, Risk Management, Process Improvement, Cross-functional Collaboration, Analytical Thinking, Remote Team Management, Localization",https://wuzzuf.net/jobs/p/9s3zjgecn8za-project-management-team-lead-localization-pollion-lsp-cairo-egypt,
Textile Engineer,Sharqia,Egypt,,Experienced,Full Time,2025-12-18 16:49:48,2026-02-16 16:49:48,"Design, develop, and optimize textile manufacturing processes to enhance product quality and efficie...",Minimum of 4 years of experience in textile engineering or a related field. Proven expertise in text...,"Textile process engineering, Analytical thinking, Problem-solving, Communication, Process optimization, Quality control, Engineering, Engineering Field, Textile, Textile Industry",https://wuzzuf.net/jobs/p/mu4adzb4cc0g-textile-engineer-sharqia-egypt,
Graphic Designer,Cairo,Egypt,LDC,Experienced,Full Time,2025-12-18 16:49:06,2026-02-16 16:49:06,We are looking for a highly creative and motivated Graphic Designer & Video Editor to join our growi...,Requirements Proven experience as a Graphic Designer and Video Editor portfolio showcasing both desi...,"Graphic Design, Branding, Attention to Detail",https://wuzzuf.net/jobs/p/idascwlbgg6t-graphic-designer-ldc-cairo-egypt,
Supply Chain Manager,Cairo,Egypt,,Manager,Full Time,2025-12-18 16:47:54,2026-02-16 16:47:54,"Oversee and manage end-to-end supply chain operations, ensuring efficient procurement, storage, and ...",10-15 years of experience Previous experience as a supply chain manager or in a similar field Excell...,"Logistics, Leadership, Procurement, Supply Chain, Logistics Management, Logistics Operations, Purchasing, Foreign Purchasing, Supply Management, Certified Supply Chain Professional, Oracle Supply Chain Management (SCM), Purchasing Management, International Purchasing",https://wuzzuf.net/jobs/p/rc91kazqd5zs-supply-chain-manager-cairo-egypt,
Senior Business Excellence,Qalubia,Egypt,Multi M Group ,Experienced,Full Time,2025-12-18 16:47:32,2026-02-16 16:47:32,Support organizational change initiatives to achieve long-term objectives. Ensure continuous improve...,"Bachelor’s degree in Industrial Engineering, Business Administration, Quality Management, or a relat...","Business Process Improvement, Change Management, Continuous Improvement, Analytical Thinking, Project Management, Stakeholder Engagement",https://wuzzuf.net/jobs/p/lstuvhatapae-senior-business-excellence-multi-m-group-qalubia-egypt,
